,feature,importance_lgbm,importance_xgb,importance_ensemble
0,target_lag_24,1.0,1.0,1.0
1,target_lag_336,0.4633343310386112,0.012904743,0.23811953688562765
2,target_lag_72,0.3840167614486681,0.0057809725,0.19489886699452333
3,target_lag_24_1,0.28434600419036216,0.00169831,0.1430221571058366
4,target_lag_72_23,0.2574079616881173,0.004404811,0.13090638643834795
5,temp_pred,0.24842861418736906,0.001559782,0.12499419807285905
6,temp_9,0.23436096976953008,0.0067381556,0.12054956269205738
7,target_9,0.2241843759353487,0.003956698,0.11407053690828524
8,temp_last_day_23,0.22268781801855733,0.00053282874,0.11161032337780381
9,last_evening_avg_target_22,0.21939539060161628,0.0031287307,0.11126206064679284
10,P_23,0.20772223885064353,0.00048164578,0.1041019423155131
11,temp_last_day_1,0.19874289134989523,0.0002810022,0.09951194677388776
12,temp_last_day_2,0.1978449565998204,0.0006358402,0.09924039838658273
13,last_evening_avg_temp_19,0.1954504639329542,0.002323281,0.09888687247644014
14,last_evening_avg_temp_22,0.19155941334929663,0.0015076223,0.09653351782776588
15,target_lag_336_23,0.1903621670158635,0.00067061355,0.0955163902811268
16,rain_probability,0.1768931457647411,0.0010489373,0.08897104154412215
17,last_evening_avg_target_19,0.1753965878479497,0.0030983011,0.0892474444858887
18,target_lag_24_2,0.17479796468123315,0.0026019257,0.08869994521528243
19,U_3,0.17449865309787488,0.0002428172,0.08737073514947222
20,temp_pred_1,0.16911104459742593,0.0033960154,0.08625352998943323
21,temp_pred_2,0.16581861718048488,0.0029917,0.08440515862988847
22,U_22,0.16402274768033523,0.00023942773,0.08213108770282702
23,target_lag_336_1,0.16402274768033523,0.0013742346,0.08269849112107182
24,U_23,0.16372343609697695,0.0004069064,0.08206517124202357
25,U,0.16162825501346903,0.00063827424,0.08113326462828525
26,target_lag_336_21,0.16132894343011075,0.0004111873,0.08087006536435333
27,temp_pred_3,0.15983238551331935,0.0031767136,0.08150454955424308
28,temp_last_day_3,0.15893445076324453,0.0005328889,0.0797336698435081
29,temp_last_day,0.15863513917988625,0.00023909796,0.07943711857212704
30,temp_5,0.1580365160131697,0.0004131748,0.07922484540617375
31,target_lag_336_7,0.1580365160131697,0.001556592,0.07979655397943503
32,rain_probability_5,0.15624064651302005,0.0011701578,0.07870540215858696
33,target_lag_24_23,0.15384615384615385,0.0019344548,0.07789030431125027
34,target_lag_72_1,0.15085303801257108,0.0014782266,0.07616563231756883
35,temp_last_day_14,0.15025441484585453,0.00040150157,0.07532795820938913
36,P,0.14965579167913798,0.00058679195,0.0751212918163378
37,target_lag_336_22,0.14905716851242143,0.0003615096,0.07470933905223047
38,target_lag_72_22,0.14845854534570488,0.0011736606,0.0748161029852386
39,U_12,0.14636336426219695,0.0001631699,0.07326326708002844
40,temp_last_day_9,0.14606405267883868,0.00024929427,0.07315667347596415
41,U_1,0.14546542951212213,0.0006342626,0.07304984604161673
42,last_day_avg_temp,0.14516611792876385,0.00088725745,0.07302668769160751
43,target_lag_336_8,0.144268183178689,0.00065797346,0.07246307832023671
44,Td_1,0.14247231367853935,0.00026012113,0.07136621740469476
45,U_10,0.14157437892846453,0.00017122965,0.07087280428959833
46,target_lag_24_11,0.13917988626159833,0.00074914197,0.06996451411449403
47,U_4,0.13738401676144868,0.00025575326,0.06881988500926386
48,target_lag_24_15,0.13588745884465728,0.00109843,0.06849294443083333
49,target_lag_336_15,0.13498952409458245,0.00059929496,0.06779440952684214
50,temp_last_day_4,0.13498952409458245,0.0004587553,0.06772413969608439
51,target_lag_336_12,0.13409158934450763,0.0008385058,0.06746504757359185
52,temp_last_day_5,0.13379227776114935,0.0003407193,0.06706649853050296
53,target_lag_336_10,0.1331936545944328,0.00047564443,0.06683464950972808
54,temp_last_day_11,0.13229571984435798,0.00022240877,0.06625906430502605
55,target_lag_336_2,0.13109847351092488,0.00040921205,0.06575384278082576
56,U_15,0.1307991619275666,0.00019474924,0.06549695558474712
57,rain_probability_23,0.13049985034420833,0.0007405214,0.06562018587850839
58,target_lag_336_11,0.13020053876085005,0.0005683799,0.06538445932085525
59,rain_probability_6,0.12990122717749178,0.0010913847,0.06549630592781976
60,target_lag_24_3,0.12990122717749178,0.0015011812,0.06570120417019278
61,target_lag_336_9,0.12990122717749178,0.00051478506,0.06520800611907542
62,temp_last_day_6,0.1296019155941335,0.00038429556,0.0649931055785571
63,U_2,0.1296019155941335,0.000504422,0.06505316879783708
64,temp_last_day_20,0.12900329242741695,0.00031082865,0.0646570605373802
65,temp_pred_4,0.12840466926070038,0.0023886927,0.0653966809772426
66,P_21,0.1281053576773421,0.00045533205,0.06428034486209122
67,target_lag_72_20,0.12780604609398383,0.0021877766,0.06499691135305086
68,target_lag_336_4,0.12630948817719245,0.00059043255,0.06344996036444095
69,day,0.12601017659383418,0.00091778126,0.06346397892731503
70,U_5,0.12511224184375935,0.00036946748,0.06274085466263224
71,target_lag_24_12,0.12511224184375935,0.00080947333,0.06296085758928549
72,temp_last_day_21,0.1245136186770428,0.00032383477,0.06241872672393378
73,temp_last_day_22,0.12421430709368453,0.00034464785,0.06227947747249574
74,U_13,0.12152050284346004,0.00015752723,0.060839015038059545
75,target_lag_336_3,0.12122119126010177,0.00034165735,0.060781424302758895
76,target_lag_24_18,0.12092187967674349,0.0009579913,0.060939935482160694
77,rain_probability_16,0.12062256809338522,0.00033743918,0.060480003637567
78,day_of_week,0.12062256809338522,0.0029815775,0.06180207281380689
79,target_lag_72_7,0.12062256809338522,0.0013644705,0.060993519276453016
80,temp_last_day_15,0.12032325651002694,0.00030185035,0.06031255342925256
81,VVP,0.12032325651002694,0.0011214593,0.06072235790300006
82,target_lag_336_13,0.12032325651002694,0.000480785,0.060402020757760015
83,rain_probability_18,0.12002394492666867,0.0002773988,0.06015067186054623
84,U_11,0.11972463334331039,0.0001570923,0.05994086282416355
85,temp_last_day_12,0.11882669859323555,0.0003738679,0.05960028324329712
86,P_22,0.118228075426519,0.0006645494,0.05944631242029373
87,target_lag_72_13,0.11762945225980245,0.0003989003,0.0590141762807319
88,target_lag_336_5,0.11733014067644418,0.00038777108,0.05885895588032518
89,temp_last_day_16,0.11643220592636935,0.00033079242,0.058381499173107296
90,U_16,0.11643220592636935,0.00018148567,0.05830684579616573
91,target_lag_336_20,0.11613289434301108,0.00069509906,0.05841399670381285
92,target_lag_336_14,0.1158335827596528,0.0005351791,0.05818438093192156
93,last_day_avg_temp_23,0.1158335827596528,0.0008047785,0.05831918061957907
94,target_lag_72_11,0.1158335827596528,0.00029944917,0.05806651596285149
95,target_lag_24_22,0.11553427117629453,0.001429171,0.05848172106423653
96,temp_last_day_10,0.11493564800957796,0.00026507737,0.05760036268861788
97,temp_last_day_7,0.11463633642621969,0.0004525929,0.05754446466847638
98,U_14,0.11463633642621969,0.00018383806,0.057410087241019016
99,rain_probability_1,0.11403771325950314,0.0011185057,0.057578109491173125
100,Td_23,0.11373840167614487,0.0010007928,0.05736959725599198
101,rain_probability_4,0.11343909009278659,0.0010746227,0.0572568564136182
102,last_day_avg_target,0.11313977850942832,0.0013156882,0.05722773337907603
103,target_lag_24_16,0.11313977850942832,0.008511196,0.06082548720001688
104,U_9,0.11313977850942832,0.00015079153,0.056645285019438975
105,temp_pred_11,0.11284046692607004,0.0024011158,0.057620791382254156
106,target_lag_72_12,0.11224184375935349,0.00031928133,0.05628056254519207
107,target_lag_72_21,0.11194253217599522,0.0038071035,0.05787481783508872
108,target_lag_24_21,0.11194253217599522,0.00092656194,0.05643454706032378
109,Td_13,0.11164322059263694,0.00036283204,0.05600302631681429
110,target_lag_72_8,0.11134390900927867,0.0007145089,0.056029208942043086
111,target_lag_24_10,0.11104459742592038,0.00052268914,0.055783643281531264
112,target_lag_336_6,0.1107452858425621,0.000785825,0.055765555429968056
113,U_21,0.11044597425920383,0.00018676471,0.055316369483554534
114,target_lag_72_6,0.10984735109248728,0.0022670822,0.05605721665714666
115,U_19,0.10984735109248728,0.00035934546,0.05510334827639893
116,target_lag_72_19,0.1083507931756959,0.0041325674,0.0562416803074621
117,target_lag_72_15,0.1083507931756959,0.0005703209,0.054460557024608586
118,target_lag_72_2,0.10775217000897935,0.0015343328,0.05464325138153489
119,target_lag_336_18,0.10775217000897935,0.00077191077,0.05426204038802515
120,temp_last_day_8,0.10745285842562108,0.0003474756,0.053900167017099515
121,target_lag_72_4,0.10715354684226279,0.0008056602,0.05397960352570782
122,target_lag_336_16,0.10715354684226279,0.0005590128,0.05385627982764537
123,temp_last_day_18,0.10655492367554624,0.0003616473,0.053458285493455736
124,target_lag_24_4,0.10655492367554624,0.0041535436,0.0553542336465613
125,Td_8,0.10595630050882969,0.0003298801,0.0531430903054508
126,target_lag_24_13,0.10565698892547142,0.0005390556,0.053098022271731625
127,temp_pred_6,0.10565698892547142,0.0013051959,0.05348109238882711
128,U_8,0.10535767734211314,0.00015860205,0.052758139696891436
129,temp_last_day_19,0.10475905417539659,0.0004822716,0.05262066288772279
130,target_lag_336_19,0.10416043100868004,0.0014149722,0.05278770162485832
131,U_6,0.10416043100868004,0.00014912435,0.052154777677152896
132,target_lag_72_3,0.10356180784196349,0.00060250156,0.05208215470144869
133,target_lag_72_10,0.1032624962586052,0.0005451429,0.05190381958778385
134,target_lag_72_14,0.10296318467524693,0.00043758482,0.05170038474865653
135,target_lag_72_18,0.10236456150853038,0.006004756,0.05418465867970586
136,target_lag_72_9,0.1020652499251721,0.00050792756,0.05128658874154564
137,rain_probability_2,0.10146662675845555,0.0012361847,0.051351405745722015
138,U_18,0.100868003591739,0.00016815287,0.05051807822913741
139,target_lag_72_17,0.10056869200838073,0.000434063,0.05050137750251356
140,Td_9,0.10026938042502245,0.00044775996,0.050358570191386856
141,target_lag_24_7,0.09937144567494761,0.00063684135,0.05000414351003019
142,temp_last_day_17,0.09937144567494761,0.000797427,0.05008443635075128
143,target_lag_72_16,0.09877282250823106,0.00045228875,0.04961255562741602
144,month,0.09817419934151451,0.0028037769,0.050488988110189044
145,Td_7,0.09727626459143969,0.0002707299,0.048773497252524396
146,target_lag_24_6,0.09697695300808142,0.008003876,0.052490414310647
147,temp_last_day_13,0.09667764142472314,0.0006818006,0.048679721008939754
148,P_2,0.09637832984136487,0.00040159436,0.04838996209865005
149,Td_5,0.09637832984136487,0.0001655029,0.04827191637296497
150,Td_14,0.09548039509129003,0.00037306495,0.047926730019535124
151,target_lag_24_8,0.09548039509129003,0.0024998623,0.048990128716250136
152,target_lag_72_5,0.09428314875785693,0.0011171404,0.047700144580902826
153,rain_probability_8,0.09398383717449865,0.00080251927,0.047393178220030474
154,last_evening_avg_temp_22_23,0.09398383717449865,0.001368214,0.04767602560076173
155,target_5,0.0933852140077821,0.0009805547,0.04718288436920676
156,target_lag_24_17,0.0933852140077821,0.0013722511,0.04737873254266861
157,temp_pred_5,0.09278659084106555,0.0018535868,0.04732008879884492
158,rain_probability_9,0.09188865609099073,0.00090888015,0.046398768118139866
159,target_1,0.09158934450763244,0.0010731921,0.046331268307096156
160,U_17,0.09129003292427416,0.00023517605,0.04576260448643248
161,last_evening_avg_temp_19_23,0.09099072134091589,0.00079344667,0.04589208400560112
162,U_7,0.09069140975755761,0.00024033715,0.045465873452409315
163,last_evening_avg_temp_22_8,0.09039209817419934,0.0007109546,0.045551526386408074
164,target_lag_336_17,0.08979347500748279,0.00037813844,0.045085806725701776
165,target_lag_24_19,0.08979347500748279,0.0032029191,0.04649819707862706
166,rain_probability_22,0.08919485184076624,0.0004749483,0.044834900065634446
167,P_1,0.08889554025740797,0.00041787792,0.044656709088689954
168,temp_pred_19,0.08859622867404969,0.00391079,0.04625350943580047
169,temp_pred_12,0.08859622867404969,0.0021700046,0.04538311666156874
170,rain_probability_15,0.08829691709069142,0.00031100612,0.04430396160659649
171,U_20,0.08769829392397485,0.00024886514,0.04397357953054219
172,target_lag_24_20,0.08739898234061658,0.0012452,0.04432209119627133
173,target_lag_24_9,0.0870996707572583,0.003652816,0.04537624334855843
174,rain_probability_7,0.08650104759054175,0.0011659375,0.04383349255322437
175,temp_pred_13,0.08500448967375038,0.0064249355,0.04571471260417341
176,last_evening_avg_temp_22_13,0.0847051780903921,0.0003398416,0.04252250983846488
177,rain_probability_21,0.08380724334031726,0.00048803494,0.042147639142300054
178,rain_probability_11,0.08380724334031726,0.00039231675,0.04209978004679741
179,temp_pred_18,0.08350793175695899,0.0021564313,0.04283218153900684
180,temp_pred_9,0.08320862017360071,0.00089222554,0.04205042285505926
181,day_9,0.08320862017360071,0.00064492365,0.04192677191352715
182,P_3,0.08320862017360071,0.00048363485,0.041846127513086064
183,last_evening_avg_target_22_23,0.08290930859024244,0.0020690355,0.042489172067616966
184,temp_pred_7,0.08260999700688416,0.0014552901,0.04203264356674922
185,temp_pred_16,0.08231068542352589,0.0016461471,0.041978416266547004
186,target_lag_24_14,0.08201137384016761,0.00034946075,0.041180417295958595
187,P_8,0.08201137384016761,0.00032274897,0.04116706140264285
188,Td_2,0.08171206225680934,0.0007163326,0.04121419741792046
189,rain_probability_10,0.08141275067345106,0.0003961303,0.04090444047992051
190,last_evening_avg_temp_22_9,0.08111343909009279,0.000960346,0.04103689255519264
191,temp_pred_23,0.08081412750673451,0.00039223698,0.040603182243206394
192,P_18,0.08021550434001797,0.0003142655,0.040264884914798106
193,rain_probability_14,0.07871894642322658,0.0003346778,0.03952681211677081
194,P_12,0.07871894642322658,0.00045007232,0.03958450936925764
195,rain_probability_19,0.07812032325651003,0.00042120053,0.039270761893091116
196,last_day_avg_target_23,0.07752170008979348,0.0013449071,0.03943330359365596
197,day_of_week_6,0.0772223885064352,0.032497637,0.05486001274014654
198,P_6,0.0772223885064352,0.0005359634,0.038879175950324335
199,Td_10,0.0772223885064352,0.00024180306,0.03873209578499029
200,temp_pred_8,0.0772223885064352,0.0009573596,0.03908987406223843
201,target_lag_24_5,0.07692307692307693,0.0014590984,0.03919108767205706
202,Td_15,0.07572583058964381,0.00046187453,0.03809385255968158
203,rain_probability_3,0.07542651900628554,0.0010118425,0.03821918075940558
204,P_4,0.07512720742292726,0.00054366945,0.0378354384355807
205,Td_22,0.07482789583956899,0.0006395367,0.03773371627431401
206,P_5,0.07392996108949416,0.00037942626,0.0371546936744044
207,P_20,0.07363064950613589,0.0006760974,0.03715337345633798
208,temp_1,0.07363064950613589,0.000576757,0.03710370325856984
209,temp_pred_10,0.07333133792277761,0.0015031436,0.03741724074937571
210,Td_3,0.07333133792277761,0.00080358435,0.03706746113605965
211,rain_probability_17,0.07303202633941934,0.0004005108,0.03671626856532142
212,Td_12,0.07243340317270279,0.00027450107,0.03635395212212358
213,rain_probability_12,0.07123615683926968,0.00038618548,0.03581117115884437
214,temp_pred_15,0.0709368452559114,0.0012149572,0.036075901234935995
215,Td,0.06914097575576175,0.00040614547,0.03477356061159233
216,rain_probability_13,0.0685423525890452,0.0002894722,0.034415912393695916
217,Td_4,0.0685423525890452,0.0006100163,0.03457618443770917
218,P_17,0.06794372942232864,0.00046399276,0.03420386109351815
219,S_16,0.06704579467225381,0.000637113,0.033841453836260034
220,day_of_week_7,0.06674648308889554,0.019997276,0.043371879727326264
221,rain_probability_20,0.06644717150553726,0.00056757475,0.03350737312901598
222,day_23,0.06644717150553726,0.0028407983,0.03464398492686283
223,P_13,0.06554923675546244,0.00035646587,0.032952851312289984
224,P_14,0.06524992517210416,0.00034002928,0.03279497722462222
225,Td_17,0.06524992517210416,0.0007213662,0.03298564568751428
226,day_of_week_8,0.06495061358874589,0.001512294,0.03323145382092297
227,temp_pred_22,0.06465130200538761,0.0006346872,0.03264299460069265
228,temp_pred_17,0.0634540556719545,0.0010275458,0.03224080072362068
229,year,0.0634540556719545,0.00046229034,0.031958173004049795
230,holidays,0.06315474408859623,0.006243732,0.03469923795757002
231,temp_pred_14,0.06255612092187968,0.0035714854,0.033063803161971106
232,temp_pred_21,0.0622568093385214,0.0016659836,0.03196139646021845
233,P_19,0.0622568093385214,0.00044886442,0.03135283687876733
234,P_9,0.061059563005088295,0.00038929825,0.030724430627295015
235,last_evening_avg_temp_22_22,0.061059563005088295,0.00057137717,0.03081547008651608
236,Td_6,0.061059563005088295,0.00029632013,0.03067794156550729
237,Td_21,0.06076025142173002,0.0005485818,0.030654416623649646
238,P_11,0.06076025142173002,0.00077699637,0.03076862389606749
239,last_evening_avg_target_19_23,0.06076025142173002,0.0011522858,0.030956268631046165
240,Td_11,0.06016162825501347,0.0002251077,0.030193367974936543
241,last_evening_avg_temp_19_8,0.059862316671655195,0.00049957586,0.030180946268089422
242,Td_18,0.058365758754863814,0.00042169297,0.029393725860673674
243,last_evening_avg_temp_19_9,0.058365758754863814,0.00059440004,0.02948007939946439
244,last_evening_avg_temp_22_5,0.05806644717150554,0.00040921546,0.02923783131369017
245,P_10,0.05806644717150554,0.00030503207,0.029185739619020372
246,Td_20,0.05686920083807243,0.0007415428,0.028805371810353465
247,last_evening_avg_temp_22_17,0.05656988925471416,0.0004844713,0.02852718027568645
248,last_evening_avg_target_22_2,0.05597126608799761,0.00042039243,0.028195829260356676
249,last_evening_avg_temp_22_19,0.05597126608799761,0.00037458542,0.02817292575359619
250,P_15,0.055073331337922776,0.00029544847,0.02768438990206344
251,last_day_avg_temp_22,0.0547740197545645,0.0009130284,0.027843524063508082
252,time_7,0.0547740197545645,0.010377852,0.03257593600036489
253,last_day_avg_target_9,0.054474708171206226,0.0008897284,0.02768221829953542
254,temp_pred_20,0.05417539658784795,0.0026708394,0.028423118008374812
255,day_of_week_23,0.05417539658784795,0.002139203,0.02815729980271274
256,last_day_avg_temp_18,0.05387608500448968,0.0010288664,0.027452475697593667
257,last_evening_avg_temp_22_21,0.053576773421131395,0.0007288747,0.027152824060637664
258,day_of_week_1,0.053576773421131395,0.010131277,0.031854025282543316
259,time_8,0.05327746183777312,0.0070214598,0.030149460794302124
260,P_7,0.05327746183777312,0.00046568917,0.02687157550327522
261,last_evening_avg_temp_22_18,0.05327746183777312,0.00063257385,0.02695501784411301
262,last_evening_avg_temp_19_7,0.052978150254414845,0.00049284316,0.026735496706711808
263,day_of_week_17,0.052978150254414845,0.002532359,0.027755254617110574
264,last_evening_avg_temp_22_10,0.052978150254414845,0.0007661703,0.026872160290983254
265,last_evening_avg_target_22_22,0.05267883867105657,0.0009696237,0.0268242311761072
266,last_day_avg_target_19,0.05267883867105657,0.00053356297,0.026606200819770814
267,last_evening_avg_target_22_21,0.052379527087698295,0.0015557086,0.02696761783696831
268,last_day_avg_temp_19,0.051780903920981745,0.0013158772,0.026548390555886408
269,last_evening_avg_temp_19_22,0.051481592337623464,0.00076567574,0.026123634037340172
270,time_10,0.051481592337623464,0.0062075406,0.028844566484458857
271,last_evening_avg_temp_22_6,0.05118228075426519,0.00046322183,0.025822751293803937
272,last_evening_avg_target_22_20,0.050882969170906914,0.00084020814,0.025861588657417035
273,last_evening_avg_temp_22_11,0.050882969170906914,0.00061616354,0.02574956635507073
274,last_day_avg_temp_21,0.050284346004190364,0.0008281476,0.025556246789491956
275,Td_16,0.04998503442083209,0.00082831585,0.02540667513698667
276,P_16,0.04968572283747381,0.00035764725,0.025021685044638618
277,day_of_week_5,0.04938641125411553,0.017514924,0.033450667420778485
278,windy,0.04938641125411553,0.00064514315,0.025015777204329213
279,Td_19,0.04908709967075726,0.0008794655,0.024983282578340125
280,last_evening_avg_target_22_18,0.04908709967075726,0.0006308953,0.024858997493446198
281,last_evening_avg_target_22_10,0.04878778808739898,0.0022547105,0.02552124931006192
282,last_evening_avg_temp_22_3,0.04878778808739898,0.00073820626,0.02476299717435113
283,day_of_week_2,0.04878778808739898,0.01040843,0.029598109223828304
284,cloudy,0.04818916492068243,0.0015001753,0.02484467012759781
285,last_evening_avg_temp_19_18,0.04818916492068243,0.00062324153,0.0244062032266382
286,last_evening_avg_target_22_11,0.04818916492068243,0.00083877123,0.02451396807514614
287,last_day_avg_target_22,0.04788985333732416,0.00084983854,0.024369845940270893
288,day_of_week_4,0.047590541753965876,0.022738313,0.0351644275281818
289,last_evening_avg_temp_19_5,0.047590541753965876,0.00042720226,0.024008872008673604
290,last_evening_avg_temp_19_19,0.047590541753965876,0.00069977005,0.02414515590437291
291,E_6,0.047590541753965876,0.0002158423,0.023903192027612347
292,last_evening_avg_target_22_9,0.0472912301706076,0.00096774945,0.024129489811645838
293,last_day_avg_temp_2,0.0472912301706076,0.000360858,0.023826044078493508
294,last_day_avg_temp_10,0.0472912301706076,0.00084136083,0.024066295500421914
295,last_evening_avg_temp_22_7,0.046991918587249326,0.00040531473,0.023698616657467836
296,last_evening_avg_target_19_9,0.046991918587249326,0.021832973,0.0344124456761091
297,last_day_avg_temp_13,0.04669260700389105,0.0003503306,0.02352146880546266
298,last_evening_avg_temp_22_16,0.046393295420532776,0.0013290915,0.02386119345725221
299,W,0.046393295420532776,0.00023198893,0.023312642176153003
300,last_evening_avg_temp_22_15,0.0460939838371745,0.0017930069,0.023943495368936224
301,last_evening_avg_target_19_10,0.0460939838371745,0.0023285996,0.02421129170374678
302,last_evening_avg_target_22_19,0.04579467225381622,0.0008094875,0.023302079866544725
303,last_evening_avg_temp_19_21,0.045495360670457945,0.00068334374,0.023089352203456395
304,day_of_week_20,0.045495360670457945,0.010554001,0.02802468070287042
305,day_of_week_22,0.045495360670457945,0.011646923,0.02857114167410665
306,S,0.044896737503741395,0.0002370125,0.022566875002017008
307,E,0.04459742592038312,0.00014128163,0.022369353777476144
308,last_evening_avg_target_19_17,0.04459742592038312,0.00044757227,0.022522499093765882
309,last_evening_avg_temp_19_13,0.044298114337024845,0.00045530574,0.022376710037001226
310,time_18,0.04369949117030829,0.0051454217,0.0244224564438121
311,last_evening_avg_temp_19_1,0.04340017958695001,0.00071026286,0.022055221222862263
312,last_evening_avg_temp_22_1,0.04340017958695001,0.0014990321,0.02244960586150143
313,last_evening_avg_target_22_8,0.04340017958695001,0.0005922962,0.021996237886659463
314,last_evening_avg_target_19_22,0.04310086800359174,0.0007846941,0.02194278105216093
315,last_day_avg_temp_9,0.042801556420233464,0.00089566957,0.021848612993816095
316,last_evening_avg_temp_22_12,0.04250224483687519,0.0007259847,0.021614114763327384
317,day_of_week_9,0.04250224483687519,0.0016737203,0.02208798257412433
318,holidays_7,0.042202933253516914,0.0059575997,0.02408026649140823
319,time_20,0.042202933253516914,0.0010405548,0.02162174404588598
320,last_evening_avg_target_19_18,0.042202933253516914,0.0013463598,0.021774646548918218
321,day_11,0.04190362167015863,0.0011262108,0.02151491622874609
322,last_evening_avg_temp_19_2,0.04190362167015863,0.0005711943,0.021237407974815953
323,E_11,0.04190362167015863,0.00014293846,0.02102328006379402
324,time_1,0.04190362167015863,0.002032708,0.021968164790571693
325,holidays_8,0.04160431008680036,0.004245682,0.022924996120325575
326,last_evening_avg_target_22_15,0.04160431008680036,0.00074338337,0.0211738467269403
327,last_day_avg_temp_16,0.04130499850344208,0.00066550245,0.02098525047577134
328,day_2,0.04100568692008381,0.0006143708,0.02081002886078494
329,month_23,0.04100568692008381,0.0033993328,0.022202509836267554
330,time_2,0.04100568692008381,0.0028223533,0.021914020095925652
331,last_day_avg_target_8,0.04070637533672553,0.0005809054,0.020643640374757483
332,last_evening_avg_temp_19_17,0.04070637533672553,0.00042116756,0.020563771445878915
333,day_13,0.04070637533672553,0.00061810587,0.02066224060369855
334,last_evening_avg_temp_22_2,0.04070637533672553,0.00047152687,0.02058895110501176
335,E_1,0.04040706375336726,0.00010827131,0.020257667533366403
336,day_of_week_14,0.04040706375336726,0.0006523909,0.020529727317404396
337,last_evening_avg_temp_19_10,0.04040706375336726,0.0008580463,0.020632555021217486
338,day_of_week_18,0.04040706375336726,0.0045026313,0.02245484750579337
339,last_day_avg_target_1,0.04010775217000898,0.00053981855,0.020323785357906205
340,day_1,0.04010775217000898,0.00085734524,0.020482548703004328
341,day_10,0.0398084405866507,0.0008929483,0.02035069444384703
342,S_1,0.0398084405866507,0.00027849994,0.02004347026224991
343,E_7,0.039509129003292426,0.00019108901,0.019850109008267294
344,last_day_avg_temp_20,0.039509129003292426,0.0010079864,0.020258557687348924
345,last_evening_avg_target_22_17,0.039509129003292426,0.000719985,0.020114556998315505
346,last_day_avg_target_10,0.039509129003292426,0.00063610764,0.02007261832041969
347,day_19,0.039509129003292426,0.0010714057,0.020290267358369432
348,time,0.03920981741993415,0.000276748,0.01974328271180255
349,last_day_avg_target_11,0.0386111942532176,0.00078283664,0.019697015444640156
350,last_day_avg_target_20,0.0386111942532176,0.0004397062,0.01952545022674286
351,last_day_avg_temp_8,0.0386111942532176,0.00057724176,0.01959421800881074
352,last_evening_avg_temp_22_20,0.0386111942532176,0.00039931884,0.01950525654853237
353,last_evening_avg_temp_19_3,0.0386111942532176,0.00056224485,0.019586719552412715
354,day_of_week_15,0.0386111942532176,0.0009882067,0.01979970048147635
355,last_evening_avg_temp_19_20,0.038012571086501044,0.0006829678,0.019347769429837024
356,day_21,0.038012571086501044,0.0027423918,0.020377481432328603
357,last_evening_avg_temp_22_14,0.038012571086501044,0.0006734794,0.019343025243538103
358,last_day_avg_temp_6,0.03771325950314277,0.0003668391,0.01904004929430776
359,last_day_avg_temp_7,0.03771325950314277,0.00061557017,0.019164414836740983
360,last_evening_avg_target_22_3,0.03771325950314277,0.0005288014,0.01912103045517106
361,E_8,0.037413947919784495,0.00015503398,0.018784490950023946
362,last_evening_avg_temp_22_4,0.037413947919784495,0.0006282604,0.0190211041457627
363,last_evening_avg_target_22_16,0.037413947919784495,0.00079087814,0.01910241303030886
364,last_day_avg_temp_11,0.037413947919784495,0.0010976815,0.019255814693137262
365,day_of_week_21,0.037413947919784495,0.02087413,0.029144038764029
366,last_day_avg_temp_17,0.037413947919784495,0.00090269215,0.019158320033424724
367,last_day_avg_target_21,0.036815324753067945,0.0007680412,0.018791682966524514
368,last_day_avg_temp_1,0.036815324753067945,0.0006837758,0.018749550282494875
369,last_evening_avg_target_19_3,0.036815324753067945,0.0060239923,0.021419658535863983
370,E_22,0.036815324753067945,9.538374e-05,0.01845535424506479
371,last_evening_avg_temp_19_14,0.036815324753067945,0.0006190348,0.018717179779900017
372,last_evening_avg_target_19_2,0.03651601316970967,0.002152464,0.019334238528298252
373,last_day_avg_target_7,0.03651601316970967,0.0005638939,0.01853995352217559
374,last_evening_avg_target_19_7,0.036216701586351395,0.0010422909,0.018629496263150424
375,last_evening_avg_target_19_19,0.036216701586351395,0.0010257722,0.018621236887105107
376,last_evening_avg_target_22_14,0.03591739000299311,0.00085248746,0.018384938730221796
377,holidays_6,0.03591739000299311,0.0057846224,0.0208510061982708
378,E_23,0.03561807841963484,9.747907e-05,0.017857778743485105
379,WW,0.03561807841963484,0.00034670156,0.01798238999136898
380,last_day_avg_temp_12,0.03561807841963484,0.00049363927,0.01805585884241096
381,day_of_week_12,0.03561807841963484,0.0013842374,0.01850115792577795
382,last_day_avg_temp_14,0.03561807841963484,0.00051355216,0.01806581529191404
383,last_evening_avg_target_19_13,0.03531876683627656,0.0005387186,0.017928742715955855
384,day_of_week_13,0.03531876683627656,0.0008964244,0.018107595620311008
385,holidays_18,0.03531876683627656,0.011228187,0.023273476922984378
386,day_8,0.03531876683627656,0.00047422826,0.017896497549006858
387,last_evening_avg_target_19_20,0.03531876683627656,0.0017047505,0.01851175865121852
388,day_of_week_19,0.034720143669560014,0.009154572,0.021937357910580664
389,last_evening_avg_temp_19_11,0.034720143669560014,0.0007654356,0.017742789620903983
390,last_day_avg_target_15,0.03442083208620174,0.0010403644,0.01773059823449514
391,WW_18,0.03442083208620174,4.4226203e-05,0.017232529144395832
392,last_day_avg_temp_3,0.03412152050284346,0.00035981764,0.017240669071849683
393,last_day_avg_temp_15,0.03412152050284346,0.00034976116,0.017235640832165503
394,cloudy_23,0.03412152050284346,0.0005292435,0.017325381998613724
395,time_13,0.03412152050284346,0.0008707132,0.01749611685512426
396,WW_17,0.03412152050284346,0.000100583784,0.01711105214338821
397,last_day_avg_target_18,0.03382220891948518,0.0008246295,0.01732341921162656
398,last_evening_avg_target_22_7,0.03352289733612691,0.00037550414,0.016949200737968854
399,last_evening_avg_temp_19_15,0.03352289733612691,0.00041383295,0.016968365144663326
400,time_11,0.03352289733612691,0.00422125,0.01887207358677762
401,day_18,0.03352289733612691,0.00096112065,0.017242008991985417
402,VVP_23,0.03322358575276863,0.002144522,0.017684053893200217
403,last_evening_avg_target_19_21,0.03322358575276863,0.0014478184,0.017335702055598704
404,last_evening_avg_temp_19_16,0.03322358575276863,0.00040696148,0.01681527361669494
405,N,0.03292427416941036,0.00012959847,0.01652693631938368
406,day_3,0.03262496258605208,0.000455838,0.01654040028694054
407,last_evening_avg_target_19_1,0.03262496258605208,0.00080804975,0.016716506168050375
408,last_evening_avg_target_19_8,0.03262496258605208,0.002188591,0.017406776819880735
409,day_of_week_3,0.03262496258605208,0.014698552,0.02366175727689607
410,last_day_avg_target_4,0.03262496258605208,0.00052217935,0.016573570970249977
411,clear_10,0.03262496258605208,0.00173754,0.017181251295879166
412,day_17,0.03262496258605208,0.0013127296,0.016968846069685798
413,S_23,0.03262496258605208,0.0002077819,0.01641637223980125
414,last_day_avg_target_17,0.03232565100269381,0.001343723,0.016834687019986975
415,last_evening_avg_temp_19_12,0.03232565100269381,0.0008456865,0.01658566873852158
416,day_14,0.03232565100269381,0.00045282044,0.016389235723586696
417,W_1,0.03232565100269381,8.797424e-05,0.016206812619607606
418,last_day_avg_target_5,0.032026339419335526,0.00041567435,0.016221006885944134
419,day_20,0.032026339419335526,0.0006961492,0.016361244304180345
420,last_evening_avg_target_19_6,0.03172702783597725,0.00047240953,0.016099718685122666
421,W_23,0.03172702783597725,0.00019243367,0.015959730752197088
422,day_7,0.03172702783597725,0.0005385126,0.016132770217350212
423,day_of_week_16,0.031427716252618976,0.0015333943,0.01648055529140008
424,last_day_avg_target_3,0.031427716252618976,0.0015465411,0.016487128682547036
425,N_23,0.031427716252618976,0.000358937,0.015893326620334547
426,time_5,0.031427716252618976,0.0008243029,0.016126009576600764
427,day_of_week_11,0.031427716252618976,0.0045070075,0.017967361897808287
428,W_2,0.0311284046692607,0.000107162225,0.015617783446927602
429,last_evening_avg_target_22_13,0.0311284046692607,0.0003628855,0.015745645086994442
430,time_22,0.0311284046692607,0.0013979032,0.016263153931490193
431,E_17,0.0311284046692607,0.00019949955,0.015663952111921786
432,rainy_1,0.0311284046692607,0.0006491872,0.01588879592962661
433,last_evening_avg_temp_19_6,0.030829093085902426,0.0003014592,0.015565276139449635
434,last_evening_avg_target_22_1,0.030529781502544148,0.00041483445,0.01547230797382687
435,last_day_avg_target_13,0.030529781502544148,0.0011024436,0.015816112527094417
436,E_21,0.030230469919185873,0.00011324081,0.015171855363076912
437,last_evening_avg_target_19_11,0.030230469919185873,0.002618917,0.01642469347519976
438,time_6,0.030230469919185873,0.0021500757,0.016190272831080377
439,last_evening_avg_target_22_12,0.030230469919185873,0.0004199923,0.015325231116220249
440,E_13,0.030230469919185873,0.00018317842,0.015206824168343456
441,day_5,0.029931158335827598,0.000983334,0.015457246182926153
442,last_evening_avg_target_19_12,0.029931158335827598,0.00045722348,0.015194190905752745
443,S_22,0.029931158335827598,0.00017945954,0.015055308940212396
444,cloudy_4,0.029931158335827598,0.0013043941,0.01561777621784449
445,year_21,0.029931158335827598,0.00052955886,0.015230358599659209
446,E_18,0.02963184675246932,0.00033443817,0.01498314246092219
447,E_10,0.02963184675246932,0.00021900614,0.014925426443740671
448,clear_11,0.02963184675246932,0.00095868227,0.01529526451159496
449,last_day_avg_target_14,0.02903322358575277,0.001098765,0.015065994264821522
450,W_17,0.02903322358575277,0.0002507789,0.014642001237168908
451,last_evening_avg_target_19_15,0.02903322358575277,0.00055801444,0.014795619010490365
452,WW_8,0.02903322358575277,0.00023087398,0.014632048782166559
453,last_day_avg_temp_4,0.02903322358575277,0.00033186463,0.014682544109907932
454,day_22,0.02903322358575277,0.004096274,0.01656474869212415
455,WW_10,0.02903322358575277,0.00017267746,0.014602950525093358
456,last_day_avg_target_12,0.02873391200239449,0.0009079618,0.014820936902708632
457,last_evening_avg_target_19_16,0.02873391200239449,0.00052301824,0.014628465122825724
458,day_16,0.02873391200239449,0.0005712111,0.014652561551940885
459,last_day_avg_target_6,0.028434600419036216,0.00028944382,0.014362022120574075
460,time_9,0.028434600419036216,0.0016742276,0.015054414034191105
461,time_3,0.028434600419036216,0.002045494,0.015240047228823933
462,W_22,0.02813528883567794,0.00029291847,0.014214103652950222
463,S_17,0.02813528883567794,0.00034492157,0.014240105204255166
464,E_3,0.02813528883567794,7.171684e-05,0.014103502836253107
465,WW_3,0.02813528883567794,0.00042640365,0.01428084624497577
466,N_1,0.027835977252319666,0.00015621596,0.013996096605948744
467,VVP_17,0.027536665668961388,0.0016245175,0.014580591580490014
468,S_12,0.027536665668961388,0.00010599508,0.013821330374959521
469,clear_6,0.027237354085603113,0.0008819719,0.01405966299670252
470,last_evening_avg_target_22_6,0.027237354085603113,0.0026046962,0.014921025143381832
471,W_18,0.027237354085603113,0.00015750447,0.013697429279533373
472,day_15,0.027237354085603113,0.0018342165,0.014535785306621966
473,last_day_avg_target_2,0.027237354085603113,0.0004046951,0.013821024596369517
474,E_9,0.02693804250224484,8.2460516e-05,0.013510251509043107
475,N_20,0.02693804250224484,0.000256643,0.01359734274626239
476,S_2,0.02693804250224484,0.0002090487,0.013573545599111773
477,last_day_avg_target_16,0.02663873091888656,0.0005129169,0.013575823902334297
478,last_evening_avg_target_19_5,0.026339419335528285,0.00066500524,0.01350221228689468
479,E_5,0.026339419335528285,0.00018254678,0.013260983056298461
480,S_10,0.026339419335528285,0.00018935536,0.0132643873458989
481,S_18,0.026339419335528285,0.00047121375,0.013405316540357195
482,W_7,0.02604010775217001,0.00018089777,0.013110502760378442
483,W_21,0.025740796168811732,0.00019369068,0.012967243423108999
484,N_18,0.025740796168811732,0.00022556292,0.012983179545617719
485,WW_13,0.025740796168811732,0.00013706923,0.012938932701136042
486,E_15,0.025740796168811732,4.133083e-05,0.012891063499328271
487,day_12,0.025740796168811732,0.0032758855,0.014508340824168232
488,S_5,0.025441484585453457,0.0003114759,0.012876480236441213
489,last_day_avg_temp_5,0.025441484585453457,0.00032286963,0.012882177107526305
490,N_15,0.025441484585453457,0.00056175754,0.01300162106126206
491,WW_1,0.025441484585453457,0.0008511762,0.01314633039946327
492,N_4,0.025142173002095182,0.00027589983,0.012709036416417564
493,WW_11,0.025142173002095182,9.337414e-05,0.012617773570745828
494,E_4,0.025142173002095182,8.461666e-05,0.012613394830332015
495,cloudy_1,0.025142173002095182,0.0021151605,0.013628666730873863
496,rainy,0.025142173002095182,0.0005717817,0.012856977356641198
497,cloudy_22,0.025142173002095182,0.00032551476,0.012733843881214613
498,time_17,0.024842861418736904,0.0021156066,0.013479233990951344
499,N_2,0.024842861418736904,0.00012722585,0.01248504363553775
500,W_11,0.024842861418736904,0.00014175466,0.012492308038931242
501,last_evening_avg_temp_19_4,0.02454354983537863,0.0004364443,0.01248999706826841
502,WW_23,0.02454354983537863,0.00028197508,0.012412762458051717
503,holidays_4,0.02454354983537863,0.005317361,0.014930455464718094
504,E_12,0.02454354983537863,0.00012400335,0.01233377659032091
505,WW_21,0.02454354983537863,0.00012733198,0.012335440907417493
506,N_7,0.02454354983537863,0.0003052666,0.012424408224841742
507,E_20,0.02454354983537863,8.974633e-05,0.012316648083878378
508,E_16,0.024244238252020354,9.9769626e-05,0.01217200393906208
509,cloudy_2,0.024244238252020354,0.0019489013,0.013096569793864575
510,W_19,0.024244238252020354,0.00042715983,0.01233569904100844
511,S_19,0.024244238252020354,0.00053045264,0.01238734544707225
512,time_19,0.02394492666866208,0.0011639422,0.012554434412976477
513,W_4,0.02394492666866208,0.0001454258,0.012045176235204779
514,N_6,0.02394492666866208,0.00019398195,0.012069454308601778
515,day_4,0.02394492666866208,0.00043559543,0.012190261049198669
516,year_22,0.02394492666866208,0.00027686704,0.012110896853499796
517,day_6,0.02394492666866208,0.0003475145,0.01214622057997876
518,time_12,0.02394492666866208,0.0037683742,0.01385665044037414
519,time_4,0.0236456150853038,0.0015955676,0.012620591323960581
520,WW_5,0.0236456150853038,0.00015344266,0.0118995288704387
521,S_20,0.0236456150853038,0.0003985323,0.012022073699066424
522,E_2,0.023346303501945526,0.00014822296,0.011747263229143143
523,S_4,0.023346303501945526,8.943688e-05,0.011717870190285182
524,cloudy_17,0.023346303501945526,0.00035711797,0.011851710735744134
525,VVP_7,0.023346303501945526,0.00045866563,0.011902484565315105
526,WW_19,0.023346303501945526,0.00010438612,0.011725344810646063
527,S_7,0.023346303501945526,0.00021429274,0.011780298121255625
528,N_19,0.023346303501945526,0.00022264806,0.011784475779666834
529,E_19,0.023346303501945526,0.00027599282,0.01181114815971189
530,holidays_23,0.02304699191858725,0.0052430895,0.014145040717151544
531,day_of_week_10,0.02304699191858725,0.0018947046,0.012470848283440403
532,last_evening_avg_target_22_4,0.02304699191858725,0.00072545605,0.011886223983195207
533,last_evening_avg_target_19_14,0.022747680335228972,0.0005550899,0.011651385121474829
534,cloudy_3,0.022747680335228972,0.0021516709,0.012449675600471761
535,W_12,0.022747680335228972,0.00015449614,0.011451088238352765
536,N_5,0.022747680335228972,0.00036720117,0.011557440750728216
537,W_9,0.022747680335228972,0.000106004365,0.011426842350154271
538,rainy_3,0.022448368751870697,0.0017274058,0.012087887285490635
539,WW_2,0.022448368751870697,0.000475715,0.011462041876841451
540,S_14,0.022448368751870697,0.0002012344,0.011324801578341632
541,last_evening_avg_target_22_5,0.022149057168512423,0.0006342026,0.011391629892866502
542,cloudy_13,0.022149057168512423,0.0005484211,0.011348739141364956
543,W_5,0.021849745585154144,0.00036239062,0.01110606810417462
544,W_20,0.021849745585154144,0.00016814581,0.01100894569700554
545,N_9,0.02155043400179587,0.0002236909,0.010887062453818468
546,rainy_21,0.02155043400179587,0.0003727077,0.010961570850028617
547,S_9,0.02155043400179587,0.00017114497,0.010860789487466643
548,W_15,0.02155043400179587,0.00018497785,0.010867705925463194
549,holidays_17,0.02155043400179587,0.007902221,0.0147263274123333
550,N_21,0.021251122418437594,0.00041953142,0.010835326921716553
551,WW_16,0.021251122418437594,8.1741266e-05,0.010666431842020468
552,cloudy_11,0.021251122418437594,0.0009306901,0.011090906254304794
553,W_3,0.020951810835079316,0.0002684492,0.010610130013507338
554,S_11,0.020951810835079316,0.00016872048,0.010560265656810267
555,N_22,0.020951810835079316,0.00016234984,0.010557080337154226
556,S_8,0.020951810835079316,0.0001572106,0.010554510716307456
557,holidays_11,0.02065249925172104,0.002959029,0.011805764151132473
558,E_14,0.02065249925172104,0.000109997585,0.010381248418481129
559,last_evening_avg_target_19_4,0.02065249925172104,0.00052029593,0.010586397590442368
560,WW_4,0.02065249925172104,0.00019152096,0.010422010104731464
561,WW_7,0.020353187668362766,0.00015577048,0.01025447907507985
562,holidays_14,0.020353187668362766,0.0002938859,0.01032353678950674
563,W_13,0.020353187668362766,0.00030567244,0.010329430053239755
564,S_6,0.020353187668362766,0.00026333047,0.010308259068402529
565,clear,0.02005387608500449,0.0007765223,0.010415199206109485
566,cloudy_14,0.02005387608500449,0.0002309721,0.010142424093574612
567,WW_15,0.02005387608500449,9.818245e-05,0.01007602926685717
568,cloudy_18,0.02005387608500449,0.0005549063,0.010304391202881328
569,holidays_3,0.019754564501646213,0.0031014811,0.011428022813202467
570,N_16,0.019754564501646213,0.0001915668,0.009973065648960534
571,cloudy_20,0.019754564501646213,0.00030953722,0.010032050862360399
572,W_16,0.019455252918287938,0.0001513993,0.0098033261115145
573,N_13,0.019455252918287938,0.00030591665,0.009880584783323022
574,windy_23,0.019455252918287938,0.00029423574,0.009874744328490372
575,S_21,0.019155941334929663,0.0001648197,0.00966038052081334
576,N_8,0.019155941334929663,0.000297674,0.009726807670972483
577,W_8,0.019155941334929663,0.00025591007,0.009705925701723607
578,cloudy_6,0.019155941334929663,0.0008349273,0.009995434323514053
579,W_6,0.01855731816821311,0.00029619792,0.009426758043577654
580,N_14,0.01855731816821311,0.0003211667,0.00943924243724229
581,WW_12,0.01765938341813828,6.812454e-05,0.008863753977310682
582,S_15,0.01765938341813828,0.00024679318,0.00895308829767497
583,S_3,0.017360071834780007,0.00025283563,0.0088064537309798
584,W_14,0.017360071834780007,0.00017628625,0.008768179043439548
585,holidays_5,0.017360071834780007,0.005195656,0.011277863847393408
586,cloudy_7,0.017360071834780007,0.0007118294,0.009035950618166342
587,clear_9,0.017360071834780007,0.0008079578,0.009084014808362215
588,rainy_2,0.017360071834780007,0.00088907016,0.009124570996103674
589,clear_2,0.01706076025142173,0.00024286445,0.008651812351280016
590,VVP_2,0.016761448668063453,0.0009493341,0.008855391394220676
591,month_9,0.016761448668063453,0.001279766,0.00902060732046553
592,N_17,0.016761448668063453,0.00020848369,0.008484966178414795
593,WW_6,0.016761448668063453,0.00011220477,0.008436826718437403
594,rainy_11,0.016761448668063453,0.0005678119,0.008664630279284354
595,cloudy_5,0.016761448668063453,0.001139947,0.008950697824232664
596,clear_23,0.01646213708470518,0.00022067336,0.008341405223598415
597,WW_14,0.01646213708470518,0.00014865553,0.008305396305639009
598,cloudy_19,0.01646213708470518,0.00043506193,0.008448599506062167
599,S_13,0.016162825501346904,9.9673336e-05,0.008131249418713822
600,VVP_20,0.016162825501346904,0.0008024474,0.008482636440223986
601,WW_22,0.016162825501346904,0.0001363766,0.008149601053649065
602,time_14,0.015863513917988625,0.0005451446,0.008204329261486648
603,rainy_14,0.015863513917988625,0.00033928792,0.008101400916627838
604,rainy_12,0.015863513917988625,0.00045051533,0.008157014625892273
605,cloudy_21,0.015863513917988625,0.00032039647,0.008091955195693529
606,VVP_15,0.015863513917988625,0.0017204114,0.008791962635866596
607,VVP_18,0.015863513917988625,0.00028945142,0.008076482668100154
608,rainy_23,0.015863513917988625,0.0010030986,0.008433306237845911
609,W_10,0.01556420233463035,0.00024066173,0.007902432031180268
610,VVP_13,0.01556420233463035,0.00092417526,0.008244188795281132
611,WW_20,0.01556420233463035,0.00013445412,0.007849328228978464
612,VVP_14,0.01556420233463035,0.0036045294,0.009584365880066087
613,preholidays_23,0.01556420233463035,0.0,0.007782101167315175
614,time_15,0.014965579167913799,0.0005134389,0.007739509029999452
615,cloudy_12,0.014965579167913799,0.000503527,0.007734553084230127
616,time_21,0.014965579167913799,0.0015605913,0.008263085222790095
617,cloudy_9,0.014965579167913799,0.0013893528,0.008177466002745631
618,rainy_20,0.014666267584555522,0.00053031236,0.0075982899731084335
619,time_23,0.014366956001197246,0.0019516003,0.008159278154863638
620,WW_9,0.01406764441783897,0.00019990714,0.007133775778507737
621,month_22,0.01406764441783897,0.0033057102,0.008686677285746593
622,rainy_4,0.013768332834480694,0.00094525656,0.007356794695898141
623,N_3,0.013768332834480694,0.00022788116,0.0069981069967078
624,rainy_22,0.013768332834480694,0.0004697295,0.0071190311712605835
625,cloudy_16,0.01346902125112242,0.00015823566,0.0068136284573352655
626,rainy_13,0.01346902125112242,0.00059928594,0.007034153594018402
627,cloudy_8,0.01346902125112242,0.00049034215,0.006979681700782361
628,N_10,0.013169709667764143,9.475187e-05,0.006632230769419346
629,N_12,0.013169709667764143,0.00037662318,0.006773166424928002
630,month_7,0.013169709667764143,0.00059688103,0.006883295348480113
631,month_18,0.013169709667764143,0.0024476727,0.007808691160853721
632,rainy_5,0.013169709667764143,0.0005094058,0.006839557733719938
633,rainy_9,0.013169709667764143,0.0008752049,0.007022457292869456
634,holidays_21,0.012870398084405866,0.00826542,0.010567908973785145
635,windy_9,0.012870398084405866,0.00030770685,0.006589052469239598
636,month_5,0.012870398084405866,0.0026252503,0.007747824170978768
637,windy_3,0.012571086501047591,0.0005539439,0.006562515208170106
638,month_21,0.012571086501047591,0.0015639691,0.007067527784638395
639,rainy_10,0.012271774917689314,0.0010334235,0.006652599193079944
640,year_1,0.012271774917689314,0.0017798482,0.007025811580865259
641,clear_1,0.012271774917689314,0.00095744827,0.006614611592999275
642,VVP_21,0.012271774917689314,0.0013114685,0.006791621730121399
643,clear_8,0.01197246333433104,0.00017057807,0.006071520704253452
644,N_11,0.01197246333433104,0.00053613936,0.006254301345151724
645,rainy_19,0.01197246333433104,0.0004483986,0.006210430973268921
646,rainy_15,0.01197246333433104,9.482922e-05,0.006033646278055493
647,windy_22,0.011673151750972763,0.00020539781,0.005939274780297786
648,month_8,0.011673151750972763,0.000607909,0.0061405303726989255
649,windy_16,0.011373840167614486,0.00027879677,0.005826318467715217
650,rainy_6,0.011074528584256211,0.00050870184,0.005791615210240428
651,holidays_22,0.010775217000897935,0.005861414,0.008318315565837528
652,holidays_12,0.010775217000897935,0.0015853918,0.006180304408324863
653,VVP_22,0.010475905417539658,0.0014732595,0.0059745824737849245
654,cloudy_15,0.010475905417539658,0.0005390595,0.005507482467722387
655,holidays_1,0.010176593834181383,0.010611623,0.010394108214239157
656,cloudy_10,0.010176593834181383,0.00052164734,0.005349120585304253
657,rainy_17,0.009577970667464832,0.00039797495,0.004987972806418401
658,clear_4,0.009577970667464832,0.0008988785,0.0052384245825010285
659,preholidays_16,0.009577970667464832,0.0,0.004788985333732416
660,clear_21,0.009577970667464832,0.00018921796,0.004883594312275381
661,clear_12,0.009577970667464832,0.0005235672,0.005050768933585931
662,month_10,0.009577970667464832,0.0011832044,0.005380587510160257
663,windy_17,0.009278659084106555,0.0002285357,0.0047535973940942165
664,rainy_18,0.008979347500748278,0.00075199,0.004865668755389423
665,holidays_10,0.008979347500748278,0.0011256617,0.005052504578504384
666,rainy_16,0.008979347500748278,0.0002683876,0.004623867554489196
667,time_16,0.008979347500748278,0.00052666245,0.004753004975516022
668,holidays_2,0.008979347500748278,0.003281549,0.006130448292839945
669,month_3,0.008680035917390003,0.001329913,0.005004974477143891
670,holidays_20,0.008680035917390003,0.011100439,0.00989023763608367
671,month_19,0.008680035917390003,0.0029351588,0.005807597352342613
672,month_1,0.008380724334031727,0.0023135333,0.0053471288331152925
673,windy_2,0.008380724334031727,0.00040271253,0.004391718429566553
674,year_23,0.008380724334031727,0.00082766806,0.0046041961970573345
675,windy_11,0.008081412750673452,0.00045371527,0.00426756401076213
676,holidays_13,0.008081412750673452,0.0024747348,0.0052780737715796425
677,windy_8,0.008081412750673452,0.0005407361,0.004311074411917929
678,clear_22,0.008081412750673452,0.0003622924,0.004221852574220379
679,rainy_7,0.007782101167315175,0.0006589272,0.004220514180811832
680,clear_7,0.007782101167315175,0.0030025782,0.005392339663554693
681,windy_6,0.007782101167315175,0.00037289312,0.00407749714304019
682,month_4,0.007782101167315175,0.0012664099,0.004524255521570111
683,windy_10,0.0074827895839568994,0.0007042453,0.004093517438269259
684,windy_18,0.0074827895839568994,0.00019727879,0.003840034185378385
685,windy_7,0.0074827895839568994,0.00041189094,0.003947340262930879
686,windy_4,0.0074827895839568994,0.0003009351,0.0038918623375874396
687,VVP_5,0.0074827895839568994,0.0006862629,0.004084526246407108
688,windy_5,0.0074827895839568994,0.00027459156,0.0038786905696550768
689,clear_5,0.007183478000598623,0.00090071635,0.004042097173410765
690,VVP_16,0.006884166417240347,0.0014019173,0.004143041863835973
691,clear_19,0.006884166417240347,0.00046946757,0.0036768169954033546
692,preholidays_17,0.006884166417240347,0.0,0.0034420832086201735
693,rainy_8,0.006884166417240347,0.0001917598,0.0035379631077834383
694,windy_21,0.006884166417240347,0.00017178558,0.003527975997394973
695,VVP_1,0.006584854833882071,0.0006872556,0.0036360552080943027
696,holidays_9,0.006584854833882071,0.0015024587,0.0040436567692587865
697,has_rain_probability_16,0.006584854833882071,0.0,0.0032924274169410356
698,VVP_6,0.006584854833882071,0.00059556536,0.003590210097659264
699,VVP_12,0.0062855432505237955,0.0002715765,0.0032785598681766117
700,VVP_9,0.0062855432505237955,0.00050220225,0.0033938727514577606
701,clear_18,0.0062855432505237955,0.00043896266,0.003362252953065703
702,month_11,0.0062855432505237955,0.0010819853,0.003683764277793611
703,windy_19,0.0062855432505237955,0.00060800236,0.0034467728050184944
704,preholidays_21,0.0062855432505237955,0.0,0.0031427716252618977
705,month_20,0.00598623166716552,0.0018332353,0.00390973346502933
706,preholidays_20,0.00598623166716552,0.0,0.00299311583358276
707,month_15,0.00598623166716552,0.0019543185,0.003970275078522444
708,clear_13,0.00598623166716552,0.00034340753,0.003164819600264945
709,VVP_4,0.005686920083807243,0.0009341249,0.00331052250402487
710,windy_13,0.005686920083807243,0.00024475527,0.0029658376763013294
711,clear_3,0.005686920083807243,0.00080478465,0.003245852366662315
712,VVP_10,0.005686920083807243,0.0004967447,0.003091832392955861
713,has_rain_probability_9,0.005686920083807243,0.00026598183,0.0029764509556020713
714,holidays_19,0.005387608500448967,0.01572278,0.010555194028778924
715,windy_14,0.005387608500448967,0.00018216013,0.0027848843165649935
716,windy_12,0.005387608500448967,0.00043509295,0.002911350726275695
717,windy_15,0.005387608500448967,0.00016557061,0.0027765895575377992
718,month_12,0.0050882969170906915,0.00031051735,0.002699407134931784
719,VVP_11,0.0050882969170906915,0.00045160844,0.002769952680827368
720,clear_15,0.0050882969170906915,0.00018103464,0.002634665780496102
721,month_2,0.004788985333732416,0.0006674982,0.0027282417739513763
722,windy_1,0.004788985333732416,0.0011232259,0.0029561056161071606
723,month_6,0.004788985333732416,0.00060776155,0.002698373444076205
724,preholidays_11,0.004489673750374139,0.0,0.0022448368751870696
725,VVP_3,0.004489673750374139,0.000736549,0.0026131113615779434
726,clear_14,0.004190362167015863,0.0003516118,0.0022709869768853326
727,month_16,0.004190362167015863,0.0019725466,0.0030814543675781255
728,preholidays_6,0.004190362167015863,0.0,0.0020951810835079317
729,windy_20,0.0038910505836575876,0.00013781927,0.00201443492596632
730,preholidays_18,0.0038910505836575876,0.0,0.0019455252918287938
731,VVP_8,0.0038910505836575876,0.00055735395,0.0022242022682785814
732,has_rain_probability_8,0.0038910505836575876,0.0,0.0019455252918287938
733,preholidays_1,0.0035917390002993114,0.0,0.0017958695001496557
734,has_rain_probability,0.0035917390002993114,0.00014700305,0.001869371027517281
735,has_rain_probability_21,0.0035917390002993114,0.0014069537,0.0024993463351918937
736,preholidays_3,0.0035917390002993114,0.0,0.0017958695001496557
737,preholidays_19,0.0035917390002993114,0.0,0.0017958695001496557
738,clear_20,0.0035917390002993114,0.00022288534,0.0019073121706085835
739,month_17,0.0032924274169410356,0.0012758577,0.002284142547312135
740,has_rain_probability_19,0.0032924274169410356,7.357055e-05,0.0016829989820212946
741,preholidays_7,0.00299311583358276,0.0,0.00149655791679138
742,holidays_15,0.00299311583358276,0.004702562,0.0038478389170926216
743,clear_17,0.00299311583358276,0.0,0.00149655791679138
744,clear_16,0.00299311583358276,0.00058771396,0.0017904148982346212
745,year_2,0.00299311583358276,0.0,0.00149655791679138
746,preholidays_4,0.00299311583358276,0.0,0.00149655791679138
747,has_rain_probability_15,0.0026938042502244837,8.183267e-05,0.001387818461841666
748,has_rain_probability_22,0.0026938042502244837,0.00038017335,0.0015369888024334747
749,month_13,0.0026938042502244837,0.0009492147,0.0018215094642410937
750,has_rain_probability_10,0.002394492666866208,0.00037255586,0.0013835242652220402
751,year_9,0.002394492666866208,0.0,0.001197246333433104
752,has_rain_probability_3,0.002394492666866208,0.0,0.001197246333433104
753,preholidays_13,0.0020951810835079317,0.0,0.0010475905417539658
754,month_14,0.0020951810835079317,0.0012550984,0.0016751397322938325
755,has_rain_probability_1,0.0020951810835079317,0.00034406743,0.001219624258562039
756,has_rain_probability_5,0.0020951810835079317,0.0005299589,0.001312570004126105
757,VVP_19,0.0020951810835079317,0.001012323,0.0015537520210333648
758,has_rain_probability_11,0.0017958695001496557,0.0,0.0008979347500748278
759,has_rain_probability_18,0.0017958695001496557,0.00059179316,0.0011938313279564769
760,year_17,0.00149655791679138,0.0,0.00074827895839569
761,preholidays,0.00149655791679138,0.0,0.00074827895839569
762,has_rain_probability_20,0.00149655791679138,0.0002673512,0.0008819545542575496
763,has_rain_probability_2,0.00149655791679138,0.00052314956,0.0010098537382656784
764,has_rain_probability_12,0.00149655791679138,0.0,0.00074827895839569
765,has_rain_probability_23,0.00149655791679138,0.0005121544,0.0010043561702115537
766,year_7,0.001197246333433104,0.0,0.000598623166716552
767,preholidays_10,0.001197246333433104,0.0,0.000598623166716552
768,year_18,0.001197246333433104,9.802427e-05,0.0006476353014122104
769,has_rain_probability_7,0.001197246333433104,0.002193993,0.0016956196454529526
770,preholidays_5,0.001197246333433104,0.0,0.000598623166716552
771,holidays_16,0.0008979347500748278,0.0019129476,0.001405441188895297
772,year_13,0.0008979347500748278,0.0001833128,0.0005406237772565008
773,year_5,0.0008979347500748278,0.0006393793,0.0007686570328093738
774,year_15,0.0008979347500748278,0.0,0.0004489673750374139
775,preholidays_9,0.0008979347500748278,0.0,0.0004489673750374139
776,has_rain_probability_17,0.0008979347500748278,0.00023000174,0.0005639682434281938
777,year_12,0.0008979347500748278,0.0,0.0004489673750374139
778,has_rain_probability_6,0.0008979347500748278,0.00015091863,0.0005244266879760333
779,has_rain_probability_14,0.0008979347500748278,0.00025343936,0.0005756870535567075
780,has_rain_probability_4,0.0008979347500748278,0.00029797092,0.0005979528371842251
781,preholidays_14,0.0008979347500748278,0.0,0.0004489673750374139
782,preholidays_8,0.0008979347500748278,0.0,0.0004489673750374139
783,year_4,0.000598623166716552,0.000113160226,0.0003558916962269631
784,preholidays_22,0.000598623166716552,0.0,0.000299311583358276
785,preholidays_2,0.000598623166716552,0.0,0.000299311583358276
786,has_rain_probability_13,0.000598623166716552,0.0,0.000299311583358276
787,preholidays_15,0.000598623166716552,0.0,0.000299311583358276
788,year_11,0.000598623166716552,0.00054236216,0.0005704926645471186
789,year_14,0.000598623166716552,0.00030663252,0.00045262784099620143
790,year_20,0.000299311583358276,0.00021993469,0.0002596231380405106
791,year_10,0.000299311583358276,0.00060390244,0.0004516070140336842
792,year_8,0.000299311583358276,0.0,0.000149655791679138
793,year_3,0.000299311583358276,0.002965943,0.0016326272699327409
794,year_19,0.000299311583358276,0.0,0.000149655791679138
795,year_16,0.0,0.0,0.0
796,year_6,0.0,0.0,0.0
797,preholidays_12,0.0,0.0,0.0
