TRADEDATE,MOEX,RTSI
0,29.12.2018,2369,1065
1,03.01.2019,2376,1087
2,04.01.2019,2406,1118
3,08.01.2019,2390,1123
4,09.01.2019,2414,1136
5,10.01.2019,2434,1142
6,11.01.2019,2444,1149
7,14.01.2019,2440,1147
8,15.01.2019,2440,1148
9,16.01.2019,2435,1153
10,17.01.2019,2448,1157
11,18.01.2019,2474,1176
12,21.01.2019,2468,1171
13,22.01.2019,2469,1170
14,23.01.2019,2491,1187
15,24.01.2019,2483,1188
16,25.01.2019,2498,1192
17,28.01.2019,2477,1179
18,29.01.2019,2498,1191
19,30.01.2019,2512,1199
20,31.01.2019,2521,1214
21,01.02.2019,2522,1211
22,04.02.2019,2524,1211
23,05.02.2019,2547,1223
24,06.02.2019,2540,1216
25,07.02.2019,2510,1200
26,08.02.2019,2503,1200
27,11.02.2019,2510,1201
28,12.02.2019,2533,1215
29,13.02.2019,2486,1191
30,14.02.2019,2461,1156
31,15.02.2019,2490,1178
32,18.02.2019,2472,1177
33,19.02.2019,2459,1174
34,20.02.2019,2488,1194
35,21.02.2019,2470,1189
36,22.02.2019,2489,1198
37,25.02.2019,2495,1202
38,26.02.2019,2494,1193
39,27.02.2019,2491,1191
40,28.02.2019,2485,1188
41,01.03.2019,2478,1187
42,04.03.2019,2474,1186
43,05.03.2019,2466,1180
44,06.03.2019,2494,1192
45,07.03.2019,2477,1180
46,11.03.2019,2466,1177
47,12.03.2019,2468,1183
48,13.03.2019,2471,1189
49,14.03.2019,2458,1182
50,15.03.2019,2477,1197
51,18.03.2019,2484,1213
52,19.03.2019,2493,1220
53,20.03.2019,2504,1226
54,21.03.2019,2508,1238
55,22.03.2019,2493,1213
56,25.03.2019,2498,1228
57,26.03.2019,2513,1230
58,27.03.2019,2487,1207
59,28.03.2019,2492,1207
60,29.03.2019,2497,1198
61,01.04.2019,2521,1214
62,02.04.2019,2528,1216
63,03.04.2019,2532,1224
64,04.04.2019,2536,1220
65,05.04.2019,2541,1226
66,08.04.2019,2560,1240
67,09.04.2019,2570,1248
68,10.04.2019,2579,1262
69,11.04.2019,2551,1245
70,12.04.2019,2560,1253
71,15.04.2019,2545,1247
72,16.04.2019,2560,1255
73,17.04.2019,2568,1266
74,18.04.2019,2561,1262
75,19.04.2019,2564,1261
76,22.04.2019,2585,1276
77,23.04.2019,2587,1278
78,24.04.2019,2579,1264
79,25.04.2019,2561,1246
80,26.04.2019,2564,1247
81,29.04.2019,2570,1255
82,30.04.2019,2559,1248
83,02.05.2019,2575,1238
84,03.05.2019,2581,1248
85,06.05.2019,2580,1246
86,07.05.2019,2565,1238
87,08.05.2019,2544,1233
88,10.05.2019,2515,1214
89,13.05.2019,2509,1208
90,14.05.2019,2562,1242
91,15.05.2019,2554,1247
92,16.05.2019,2581,1261
93,17.05.2019,2577,1255
94,20.05.2019,2572,1256
95,21.05.2019,2617,1279
96,22.05.2019,2639,1293
97,23.05.2019,2619,1275
98,24.05.2019,2619,1279
99,27.05.2019,2633,1288
100,28.05.2019,2610,1271
101,29.05.2019,2641,1276
102,30.05.2019,2660,1287
103,31.05.2019,2665,1287
104,03.06.2019,2730,1315
105,04.06.2019,2706,1308
106,05.06.2019,2702,1303
107,06.06.2019,2728,1320
108,07.06.2019,2730,1326
109,10.06.2019,2743,1336
110,11.06.2019,2752,1343
111,13.06.2019,2758,1347
112,14.06.2019,2739,1341
113,17.06.2019,2734,1341
114,18.06.2019,2762,1359
115,19.06.2019,2759,1361
116,20.06.2019,2780,1391
117,21.06.2019,2761,1375
118,24.06.2019,2763,1387
119,25.06.2019,2754,1381
120,26.06.2019,2775,1387
121,27.06.2019,2780,1388
122,28.06.2019,2766,1381
123,01.07.2019,2801,1402
124,02.07.2019,2810,1398
125,03.07.2019,2824,1402
126,04.07.2019,2843,1412
127,05.07.2019,2835,1399
128,08.07.2019,2823,1400
129,09.07.2019,2823,1395
130,10.07.2019,2823,1408
131,11.07.2019,2790,1399
132,12.07.2019,2778,1388
133,15.07.2019,2756,1387
134,16.07.2019,2756,1382
135,17.07.2019,2713,1362
136,18.07.2019,2703,1350
137,19.07.2019,2701,1351
138,22.07.2019,2684,1341
139,23.07.2019,2701,1345
140,24.07.2019,2683,1340
141,25.07.2019,2701,1347
142,26.07.2019,2716,1348
143,29.07.2019,2728,1354
144,30.07.2019,2735,1353
145,31.07.2019,2740,1360
146,01.08.2019,2729,1346
147,02.08.2019,2675,1293
148,05.08.2019,2649,1282
149,06.08.2019,2683,1294
150,07.08.2019,2675,1285
151,08.08.2019,2697,1304
152,09.08.2019,2680,1289
153,12.08.2019,2690,1294
154,13.08.2019,2680,1298
155,14.08.2019,2637,1260
156,15.08.2019,2626,1250
157,16.08.2019,2615,1240
158,19.08.2019,2648,1248
159,20.08.2019,2673,1265
160,21.08.2019,2674,1280
161,22.08.2019,2675,1283
162,23.08.2019,2661,1268
163,26.08.2019,2658,1268
164,27.08.2019,2659,1259
165,28.08.2019,2677,1267
166,29.08.2019,2714,1285
167,30.08.2019,2740,1293
168,02.09.2019,2773,1309
169,03.09.2019,2774,1303
170,04.09.2019,2793,1331
171,05.09.2019,2807,1338
172,06.09.2019,2798,1341
173,09.09.2019,2787,1340
174,10.09.2019,2788,1344
175,11.09.2019,2817,1355
176,12.09.2019,2800,1361
177,13.09.2019,2792,1369
178,16.09.2019,2834,1396
179,17.09.2019,2821,1382
180,18.09.2019,2819,1382
181,19.09.2019,2795,1378
182,20.09.2019,2796,1377
183,23.09.2019,2785,1373
184,24.09.2019,2755,1359
185,25.09.2019,2760,1354
186,26.09.2019,2773,1360
187,27.09.2019,2758,1348
188,30.09.2019,2747,1334
189,01.10.2019,2759,1329
190,02.10.2019,2719,1314
191,03.10.2019,2707,1307
192,04.10.2019,2693,1312
193,07.10.2019,2719,1320
194,08.10.2019,2708,1306
195,09.10.2019,2713,1317
196,10.10.2019,2722,1331
197,11.10.2019,2708,1330
198,14.10.2019,2697,1321
199,15.10.2019,2715,1331
200,16.10.2019,2744,1347
201,17.10.2019,2749,1353
202,18.10.2019,2753,1355
203,21.10.2019,2761,1365
204,22.10.2019,2802,1388
205,23.10.2019,2822,1392
206,24.10.2019,2877,1414
207,25.10.2019,2873,1421
208,28.10.2019,2857,1412
209,29.10.2019,2886,1424
210,30.10.2019,2911,1432
211,31.10.2019,2894,1423
212,01.11.2019,2930,1455
213,05.11.2019,2950,1460
214,06.11.2019,2981,1471
215,07.11.2019,3009,1487
216,08.11.2019,2973,1468
217,11.11.2019,2961,1461
218,12.11.2019,2951,1449
219,13.11.2019,2934,1438
220,14.11.2019,2922,1437
221,15.11.2019,2935,1449
222,18.11.2019,2924,1443
223,19.11.2019,2942,1452
224,20.11.2019,2936,1448
225,21.11.2019,2943,1455
226,22.11.2019,2948,1455
227,25.11.2019,2955,1455
228,26.11.2019,2931,1441
229,27.11.2019,2929,1441
230,28.11.2019,2928,1439
231,29.11.2019,2935,1438
232,02.12.2019,2921,1433
233,03.12.2019,2883,1414
234,04.12.2019,2901,1430
235,05.12.2019,2899,1430
236,06.12.2019,2929,1448
237,09.12.2019,2945,1457
238,10.12.2019,2932,1454
239,11.12.2019,2954,1463
240,12.12.2019,2983,1497
241,13.12.2019,2997,1501
242,16.12.2019,3006,1517
243,17.12.2019,3013,1521
244,18.12.2019,3024,1523
245,19.12.2019,3008,1519
246,20.12.2019,3016,1524
247,23.12.2019,3034,1535
248,24.12.2019,3031,1540
249,25.12.2019,3031,1544
250,26.12.2019,3032,1535
251,27.12.2019,3050,1549
252,30.12.2019,3046,1549
253,03.01.2020,3076,1564
254,06.01.2020,3079,1568
255,08.01.2020,3110,1589
256,09.01.2020,3118,1602
257,10.01.2020,3124,1615
258,13.01.2020,3152,1620
259,14.01.2020,3130,1605
260,15.01.2020,3133,1602
261,16.01.2020,3157,1613
262,17.01.2020,3197,1638
263,20.01.2020,3220,1647
264,21.01.2020,3209,1634
265,22.01.2020,3175,1613
266,23.01.2020,3141,1596
267,24.01.2020,3146,1600
268,27.01.2020,3085,1542
269,28.01.2020,3113,1572
270,29.01.2020,3129,1571
271,30.01.2020,3109,1545
272,31.01.2020,3077,1517
273,03.02.2020,3071,1521
274,04.02.2020,3098,1547
275,05.02.2020,3114,1560
276,06.02.2020,3097,1539
277,07.02.2020,3088,1518
278,10.02.2020,3062,1504
279,11.02.2020,3098,1540
280,12.02.2020,3122,1557
281,13.02.2020,3110,1544
282,14.02.2020,3097,1535
283,17.02.2020,3110,1543
284,18.02.2020,3074,1516
285,19.02.2020,3115,1542
286,20.02.2020,3125,1536
287,21.02.2020,3106,1525
288,25.02.2020,3003,1446
289,26.02.2020,3017,1461
290,27.02.2020,2916,1386
291,28.02.2020,2785,1300
292,02.03.2020,2766,1303
293,03.03.2020,2821,1358
294,04.03.2020,2828,1348
295,05.03.2020,2817,1324
296,06.03.2020,2720,1258
297,10.03.2020,2499,1094
298,11.03.2020,2493,1086
299,12.03.2020,2286,966
300,13.03.2020,2316,992
301,16.03.2020,2267,967
302,17.03.2020,2225,935
303,18.03.2020,2113,832
304,19.03.2020,2276,903
305,20.03.2020,2332,924
306,23.03.2020,2253,884
307,24.03.2020,2416,965
308,25.03.2020,2453,982
309,26.03.2020,2490,1017
310,27.03.2020,2401,955
311,30.03.2020,2433,959
312,31.03.2020,2509,1014
313,01.04.2020,2474,988
314,02.04.2020,2546,1034
315,03.04.2020,2572,1050
316,06.04.2020,2623,1083
317,07.04.2020,2635,1100
318,08.04.2020,2670,1115
319,09.04.2020,2702,1155
320,10.04.2020,2678,1142
321,13.04.2020,2629,1125
322,14.04.2020,2632,1133
323,15.04.2020,2499,1047
324,16.04.2020,2515,1067
325,17.04.2020,2535,1079
326,20.04.2020,2526,1068
327,21.04.2020,2488,1012
328,22.04.2020,2573,1066
329,23.04.2020,2599,1100
330,24.04.2020,2562,1081
331,27.04.2020,2571,1084
332,28.04.2020,2612,1110
333,29.04.2020,2663,1145
334,30.04.2020,2651,1125
335,04.05.2020,2625,1099
336,05.05.2020,2654,1133
337,06.05.2020,2632,1111
338,07.05.2020,2634,1126
339,08.05.2020,2642,1136
340,12.05.2020,2642,1137
341,13.05.2020,2605,1110
342,14.05.2020,2590,1103
343,15.05.2020,2594,1107
344,18.05.2020,2694,1168
345,19.05.2020,2712,1177
346,20.05.2020,2771,1225
347,21.05.2020,2719,1206
348,22.05.2020,2709,1188
349,25.05.2020,2758,1213
350,26.05.2020,2754,1225
351,27.05.2020,2741,1212
352,28.05.2020,2780,1242
353,29.05.2020,2735,1220
354,01.06.2020,2750,1248
355,02.06.2020,2797,1278
356,03.06.2020,2831,1302
357,04.06.2020,2766,1257
358,05.06.2020,2793,1286
359,08.06.2020,2796,1289
360,09.06.2020,2796,1284
361,10.06.2020,2785,1278
362,11.06.2020,2744,1238
363,15.06.2020,2719,1222
364,16.06.2020,2748,1243
365,17.06.2020,2740,1238
366,18.06.2020,2724,1231
367,19.06.2020,2759,1250
368,22.06.2020,2763,1257
369,23.06.2020,2792,1281
370,25.06.2020,2761,1257
371,26.06.2020,2762,1247
372,29.06.2020,2768,1240
373,30.06.2020,2743,1213
374,02.07.2020,2789,1248
375,03.07.2020,2802,1235
376,06.07.2020,2835,1247
377,07.07.2020,2825,1248
378,08.07.2020,2816,1246
379,09.07.2020,2782,1234
380,10.07.2020,2801,1246
381,13.07.2020,2767,1234
382,14.07.2020,2745,1217
383,15.07.2020,2748,1219
384,16.07.2020,2760,1220
385,17.07.2020,2775,1216
386,20.07.2020,2802,1236
387,21.07.2020,2826,1260
388,22.07.2020,2835,1255
389,23.07.2020,2852,1262
390,24.07.2020,2863,1256
391,27.07.2020,2885,1266
392,28.07.2020,2895,1258
393,29.07.2020,2918,1266
394,30.07.2020,2883,1232
395,31.07.2020,2912,1234
396,03.08.2020,2930,1257
397,04.08.2020,2940,1260
398,05.08.2020,2993,1295
399,06.08.2020,2988,1282
400,07.08.2020,2972,1271
401,10.08.2020,2961,1268
402,11.08.2020,3006,1296
403,12.08.2020,3054,1307
404,13.08.2020,3080,1326
405,14.08.2020,3062,1324
406,17.08.2020,3052,1309
407,18.08.2020,3051,1312
408,19.08.2020,3057,1316
409,20.08.2020,2994,1273
410,21.08.2020,2996,1262
411,24.08.2020,3029,1282
412,25.08.2020,3029,1267
413,26.08.2020,3052,1273
414,27.08.2020,3012,1265
415,28.08.2020,2980,1266
416,31.08.2020,2966,1259
417,01.09.2020,2975,1274
418,02.09.2020,2956,1235
419,03.09.2020,2932,1223
420,04.09.2020,2922,1220
421,07.09.2020,2932,1219
422,08.09.2020,2889,1189
423,09.09.2020,2876,1201
424,10.09.2020,2898,1217
425,11.09.2020,2911,1223
426,14.09.2020,2928,1228
427,15.09.2020,2981,1254
428,16.09.2020,2975,1252
429,17.09.2020,2972,1243
430,18.09.2020,2952,1229
431,21.09.2020,2864,1181
432,22.09.2020,2885,1193
433,23.09.2020,2916,1196
434,24.09.2020,2913,1189
435,25.09.2020,2897,1165
436,28.09.2020,2927,1167
437,29.09.2020,2910,1156
438,30.09.2020,2906,1179
439,01.10.2020,2890,1174
440,02.10.2020,2852,1148
441,05.10.2020,2882,1158
442,06.10.2020,2893,1169
443,07.10.2020,2843,1144
444,08.10.2020,2846,1159
445,09.10.2020,2834,1164
446,12.10.2020,2846,1163
447,13.10.2020,2829,1156
448,14.10.2020,2856,1160
449,15.10.2020,2817,1132
450,16.10.2020,2800,1133
451,19.10.2020,2794,1135
452,20.10.2020,2803,1141
453,21.10.2020,2786,1143
454,22.10.2020,2803,1155
455,23.10.2020,2817,1164
456,26.10.2020,2786,1152
457,27.10.2020,2763,1131
458,28.10.2020,2693,1078
459,29.10.2020,2709,1079
460,30.10.2020,2691,1067
461,02.11.2020,2738,1069
462,03.11.2020,2786,1108
463,05.11.2020,2861,1171
464,06.11.2020,2896,1178
465,09.11.2020,2988,1236
466,10.11.2020,2999,1233
467,11.11.2020,3015,1234
468,12.11.2020,3026,1238
469,13.11.2020,3025,1228
470,16.11.2020,3080,1269
471,17.11.2020,3052,1258
472,18.11.2020,3081,1277
473,19.11.2020,3046,1259
474,20.11.2020,3051,1263
475,23.11.2020,3047,1257
476,24.11.2020,3096,1287
477,25.11.2020,3135,1302
478,26.11.2020,3139,1307
479,27.11.2020,3143,1302
480,30.11.2020,3108,1282
481,01.12.2020,3148,1311
482,02.12.2020,3190,1335
483,03.12.2020,3163,1339
484,04.12.2020,3185,1357
485,07.12.2020,3195,1369
486,08.12.2020,3180,1365
487,09.12.2020,3212,1372
488,10.12.2020,3258,1405
489,11.12.2020,3277,1413
490,14.12.2020,3255,1398
491,15.12.2020,3248,1390
492,16.12.2020,3270,1400
493,17.12.2020,3283,1419
494,18.12.2020,3274,1402
495,21.12.2020,3186,1336
496,22.12.2020,3236,1351
497,23.12.2020,3252,1367
498,24.12.2020,3237,1378
499,25.12.2020,3246,1378
500,28.12.2020,3259,1391
501,29.12.2020,3275,1398
502,30.12.2020,3289,1387
503,04.01.2021,3351,1425
504,05.01.2021,3359,1426
505,06.01.2021,3371,1437
506,08.01.2021,3455,1466
507,11.01.2021,3482,1467
508,12.01.2021,3472,1485
509,13.01.2021,3470,1487
510,14.01.2021,3491,1501
511,15.01.2021,3451,1474
512,18.01.2021,3472,1475
513,19.01.2021,3443,1471
514,20.01.2021,3467,1487
515,21.01.2021,3423,1464
516,22.01.2021,3383,1418
517,25.01.2021,3397,1412
518,26.01.2021,3391,1423
519,27.01.2021,3344,1393
520,28.01.2021,3342,1385
521,29.01.2021,3277,1368
522,01.02.2021,3291,1364
523,02.02.2021,3360,1399
524,03.02.2021,3343,1387
525,04.02.2021,3372,1403
526,05.02.2021,3393,1432
527,08.02.2021,3446,1462
528,09.02.2021,3427,1458
529,10.02.2021,3400,1448
530,11.02.2021,3414,1461
531,12.02.2021,3427,1462
532,15.02.2021,3482,1496
533,16.02.2021,3495,1495
534,17.02.2021,3437,1462
535,18.02.2021,3400,1447
536,19.02.2021,3458,1472
537,20.02.2021,3446,1466
538,22.02.2021,3434,1455
539,24.02.2021,3385,1446
540,25.02.2021,3410,1450
541,26.02.2021,3347,1412
542,01.03.2021,3386,1443
543,02.03.2021,3410,1452
544,03.03.2021,3416,1454
545,04.03.2021,3398,1455
546,05.03.2021,3414,1447
547,09.03.2021,3479,1482
548,10.03.2021,3463,1480
549,11.03.2021,3509,1505
550,12.03.2021,3540,1520
551,15.03.2021,3584,1544
552,16.03.2021,3590,1553
553,17.03.2021,3508,1494
554,18.03.2021,3505,1489
555,19.03.2021,3475,1474
556,22.03.2021,3489,1468
557,23.03.2021,3467,1436
558,24.03.2021,3485,1437
559,25.03.2021,3439,1417
560,26.03.2021,3490,1450
561,29.03.2021,3529,1468
562,30.03.2021,3525,1460
563,31.03.2021,3542,1477
564,01.04.2021,3528,1457
565,02.04.2021,3558,1467
566,05.04.2021,3525,1457
567,06.04.2021,3494,1427
568,07.04.2021,3500,1430
569,08.04.2021,3508,1440
570,09.04.2021,3486,1418
571,12.04.2021,3523,1432
572,13.04.2021,3526,1459
573,14.04.2021,3577,1490
574,15.04.2021,3569,1475
575,16.04.2021,3598,1497
576,19.04.2021,3574,1477
577,20.04.2021,3552,1455
578,21.04.2021,3562,1464
579,22.04.2021,3600,1502
580,23.04.2021,3597,1512
581,26.04.2021,3611,1519
582,27.04.2021,3601,1516
583,28.04.2021,3578,1509
584,29.04.2021,3571,1511
585,30.04.2021,3544,1485
586,04.05.2021,3577,1503
587,05.05.2021,3644,1536
588,06.05.2021,3658,1551
589,07.05.2021,3683,1578
590,10.05.2021,3695,1571
591,11.05.2021,3652,1553
592,12.05.2021,3654,1548
593,13.05.2021,3637,1547
594,14.05.2021,3638,1549
595,17.05.2021,3640,1551
596,18.05.2021,3688,1574
597,19.05.2021,3635,1553
598,20.05.2021,3636,1559
599,21.05.2021,3660,1570
600,24.05.2021,3663,1571
601,25.05.2021,3687,1581
602,26.05.2021,3711,1591
603,27.05.2021,3739,1604
604,28.05.2021,3731,1604
605,31.05.2021,3722,1598
606,01.06.2021,3765,1614
607,02.06.2021,3818,1644
608,03.06.2021,3805,1637
609,04.06.2021,3807,1647
610,07.06.2021,3822,1653
611,08.06.2021,3807,1656
612,09.06.2021,3843,1675
613,10.06.2021,3828,1677
614,11.06.2021,3842,1679
615,14.06.2021,3860,1687
616,15.06.2021,3822,1665
617,16.06.2021,3830,1679
618,17.06.2021,3819,1664
619,18.06.2021,3803,1647
620,21.06.2021,3813,1642
621,22.06.2021,3822,1646
622,23.06.2021,3837,1666
623,24.06.2021,3823,1665
624,25.06.2021,3832,1672
625,28.06.2021,3826,1670
626,29.06.2021,3791,1640
627,30.06.2021,3842,1654
628,01.07.2021,3858,1657
629,02.07.2021,3865,1660
630,05.07.2021,3883,1665
631,06.07.2021,3884,1645
632,07.07.2021,3895,1641
633,08.07.2021,3861,1628
634,09.07.2021,3855,1635
635,12.07.2021,3876,1640
636,13.07.2021,3877,1649
637,14.07.2021,3833,1626
638,15.07.2021,3800,1612
639,16.07.2021,3770,1603
640,19.07.2021,3693,1559
641,20.07.2021,3704,1567
642,21.07.2021,3723,1586
643,22.07.2021,3754,1600
644,23.07.2021,3735,1596
645,26.07.2021,3750,1603
646,27.07.2021,3733,1595
647,28.07.2021,3782,1616
648,29.07.2021,3804,1639
649,30.07.2021,3772,1626
650,02.08.2021,3788,1636
651,03.08.2021,3794,1638
652,04.08.2021,3811,1640
653,05.08.2021,3834,1653
654,06.08.2021,3805,1633
655,09.08.2021,3835,1641
656,10.08.2021,3862,1646
657,11.08.2021,3877,1656
658,12.08.2021,3889,1666
659,13.08.2021,3873,1666
660,16.08.2021,3895,1674
661,17.08.2021,3943,1690
662,18.08.2021,3925,1675
663,19.08.2021,3854,1636
664,20.08.2021,3833,1624
665,23.08.2021,3883,1650
666,24.08.2021,3889,1661
667,25.08.2021,3887,1654
668,26.08.2021,3852,1635
669,27.08.2021,3887,1664
670,30.08.2021,3928,1685
671,31.08.2021,3919,1684
672,01.09.2021,3971,1715
673,02.09.2021,3991,1727
674,03.09.2021,4002,1734
675,06.09.2021,4028,1737
676,07.09.2021,4010,1724
677,08.09.2021,4017,1727
678,09.09.2021,3994,1726
679,10.09.2021,4003,1725
680,13.09.2021,4041,1751
681,14.09.2021,4056,1755
682,15.09.2021,4066,1767
683,16.09.2021,4045,1756
684,17.09.2021,4035,1745
685,20.09.2021,3970,1701
686,21.09.2021,3970,1711
687,22.09.2021,4031,1747
688,23.09.2021,4052,1753
689,24.09.2021,4038,1748
690,27.09.2021,4081,1774
691,28.09.2021,4065,1756
692,29.09.2021,4058,1757
693,30.09.2021,4104,1778
694,01.10.2021,4087,1772
695,04.10.2021,4113,1786
696,05.10.2021,4224,1840
697,06.10.2021,4172,1815
698,07.10.2021,4228,1854
699,08.10.2021,4238,1861
700,11.10.2021,4280,1882
701,12.10.2021,4264,1870
702,13.10.2021,4244,1855
703,14.10.2021,4259,1876
704,15.10.2021,4262,1892
705,18.10.2021,4248,1877
706,19.10.2021,4276,1900
707,20.10.2021,4288,1905
708,21.10.2021,4219,1868
709,22.10.2021,4197,1878
710,25.10.2021,4255,1920
711,26.10.2021,4236,1916
712,27.10.2021,4230,1891
713,28.10.2021,4190,1880
714,29.10.2021,4150,1844
715,01.11.2021,4221,1867
716,02.11.2021,4208,1851
717,03.11.2021,4185,1827
718,05.11.2021,4175,1848
719,08.11.2021,4218,1865
720,09.11.2021,4187,1864
721,10.11.2021,4172,1854
722,11.11.2021,4189,1854
723,12.11.2021,4122,1784
724,15.11.2021,4135,1791
725,16.11.2021,4120,1768
726,17.11.2021,4149,1803
727,18.11.2021,4094,1762
728,19.11.2021,4016,1724
729,22.11.2021,3873,1628
730,23.11.2021,3960,1662
731,24.11.2021,3951,1661
732,25.11.2021,3948,1666
733,26.11.2021,3811,1589
734,29.11.2021,3880,1639
735,30.11.2021,3891,1646
736,01.12.2021,3959,1687
737,02.12.2021,3948,1690
738,03.12.2021,3913,1668
739,06.12.2021,3810,1622
740,07.12.2021,3873,1647
741,08.12.2021,3774,1613
742,09.12.2021,3813,1633
743,10.12.2021,3760,1612
744,13.12.2021,3618,1548
745,14.12.2021,3619,1549
746,15.12.2021,3622,1541
747,16.12.2021,3750,1605
748,17.12.2021,3723,1583
749,20.12.2021,3669,1558
750,21.12.2021,3693,1574
751,22.12.2021,3747,1602
752,23.12.2021,3705,1588
753,24.12.2021,3703,1584
754,27.12.2021,3741,1603
755,28.12.2021,3778,1612
756,29.12.2021,3741,1590
757,30.12.2021,3787,1596
758,03.01.2022,3852,1623
759,04.01.2022,3873,1623
760,05.01.2022,3815,1586
761,06.01.2022,3753,1545
762,07.01.2022,3772,1545
763,10.01.2022,3739,1565
764,11.01.2022,3785,1595
765,12.01.2022,3830,1613
766,13.01.2022,3675,1517
767,14.01.2022,3597,1486
768,17.01.2022,3560,1475
769,18.01.2022,3329,1367
770,19.01.2022,3437,1415
771,20.01.2022,3516,1451
772,21.01.2022,3439,1402
773,24.01.2022,3235,1288
774,25.01.2022,3259,1297
775,26.01.2022,3358,1324
776,27.01.2022,3456,1400
777,28.01.2022,3489,1407
778,31.01.2022,3530,1435
779,01.02.2022,3548,1458
780,02.02.2022,3544,1464
781,03.02.2022,3471,1432
782,04.02.2022,3471,1436
783,07.02.2022,3471,1445
784,08.02.2022,3552,1489
785,09.02.2022,3639,1535
786,10.02.2022,3656,1547
787,11.02.2022,3547,1470
788,14.02.2022,3481,1426
789,15.02.2022,3600,1498
790,16.02.2022,3646,1525
791,17.02.2022,3511,1450
792,18.02.2022,3393,1391
793,21.02.2022,3037,1208
794,22.02.2022,3085,1227
795,24.02.2022,2058,743
796,25.02.2022,2470,937
797,24.03.2022,2579,853
798,25.03.2022,2484,830
799,28.03.2022,2431,823
800,29.03.2022,2408,882
801,30.03.2022,2513,949
802,31.03.2022,2704,1021
803,01.04.2022,2760,1034
804,04.04.2022,2788,1052
805,05.04.2022,2663,1005
806,06.04.2022,2611,1035
807,07.04.2022,2635,1092
808,08.04.2022,2593,1080
809,11.04.2022,2557,1017
810,12.04.2022,2541,1005
811,13.04.2022,2528,997
812,14.04.2022,2405,941
813,15.04.2022,2425,955
814,18.04.2022,2343,926
815,19.04.2022,2317,932
816,20.04.2022,2331,960
817,21.04.2022,2271,961
818,22.04.2022,2232,928
819,25.04.2022,2186,941
820,26.04.2022,2318,1000
821,27.04.2022,2424,1049
822,28.04.2022,2384,1042
823,29.04.2022,2445,1082
824,04.05.2022,2373,1114
825,05.05.2022,2405,1120
826,06.05.2022,2393,1088
827,11.05.2022,2387,1124
828,12.05.2022,2298,1140
829,13.05.2022,2308,1132
830,16.05.2022,2365,1174
831,17.05.2022,2424,1201
832,18.05.2022,2445,1213
833,19.05.2022,2437,1246
834,20.05.2022,2373,1240
835,23.05.2022,2302,1254
836,24.05.2022,2294,1274
837,25.05.2022,2340,1239
838,26.05.2022,2413,1175
839,27.05.2022,2408,1134
840,30.05.2022,2400,1216
841,31.05.2022,2356,1208
842,01.06.2022,2375,1222
843,02.06.2022,2340,1196
844,03.06.2022,2308,1200
845,06.06.2022,2282,1179
846,07.06.2022,2292,1180
847,08.06.2022,2319,1231
848,09.06.2022,2294,1213
849,10.06.2022,2286,1269
850,14.06.2022,2290,1273
851,15.06.2022,2319,1280
852,16.06.2022,2370,1317
853,17.06.2022,2354,1315
854,20.06.2022,2404,1358
855,21.06.2022,2359,1380
856,22.06.2022,2374,1403
857,23.06.2022,2405,1416
858,24.06.2022,2392,1415
859,27.06.2022,2417,1428
860,28.06.2022,2409,1466
861,29.06.2022,2379,1413
862,30.06.2022,2205,1345
863,01.07.2022,2207,1277
864,04.07.2022,2205,1249
865,05.07.2022,2227,1147
866,06.07.2022,2222,1102
867,07.07.2022,2227,1132
868,08.07.2022,2223,1145
869,11.07.2022,2162,1154
870,12.07.2022,2134,1142
871,13.07.2022,2074,1120
872,14.07.2022,2063,1114
873,15.07.2022,2110,1162
874,18.07.2022,2096,1169
875,19.07.2022,2071,1175
876,20.07.2022,2075,1189
877,21.07.2022,2054,1142
878,22.07.2022,2097,1161
879,25.07.2022,2129,1155
880,26.07.2022,2192,1136
881,27.07.2022,2196,1154
882,28.07.2022,2189,1138
883,29.07.2022,2214,1129
884,01.08.2022,2180,1139
885,02.08.2022,2137,1116
886,03.08.2022,2124,1106
887,04.08.2022,2117,1105
888,05.08.2022,2054,1072
889,08.08.2022,2088,1084
890,09.08.2022,2137,1116
891,10.08.2022,2152,1118
892,11.08.2022,2133,1106
893,12.08.2022,2147,1116
894,15.08.2022,2165,1113
895,16.08.2022,2208,1142
896,17.08.2022,2189,1136
897,18.08.2022,2194,1162
898,19.08.2022,2195,1171
899,22.08.2022,2228,1174
900,23.08.2022,2260,1190
901,24.08.2022,2248,1182
902,25.08.2022,2246,1183
903,26.08.2022,2269,1183
904,29.08.2022,2296,1198
905,30.08.2022,2307,1212
906,31.08.2022,2400,1258
907,01.09.2022,2446,1279
908,02.09.2022,2471,1285
909,05.09.2022,2488,1288
910,06.09.2022,2425,1252
911,07.09.2022,2402,1244
912,08.09.2022,2390,1238
913,09.09.2022,2426,1263
914,12.09.2022,2450,1281
915,13.09.2022,2447,1284
916,14.09.2022,2436,1283
917,15.09.2022,2447,1288
918,16.09.2022,2435,1275
919,19.09.2022,2431,1273
920,20.09.2022,2216,1154
921,21.09.2022,2131,1107
922,22.09.2022,2191,1175
923,23.09.2022,2090,1142
924,26.09.2022,1933,1043
925,27.09.2022,1953,1053
926,28.09.2022,1964,1075
927,29.09.2022,1954,1072
928,30.09.2022,1957,1056
929,03.10.2022,2042,1092
930,04.10.2022,2046,1100
931,05.10.2022,2030,1062
932,06.10.2022,2021,1045
933,07.10.2022,1945,1005
934,10.10.2022,1917,964
935,11.10.2022,1949,965
936,12.10.2022,1952,955
937,13.10.2022,1955,968
938,14.10.2022,1951,991
939,17.10.2022,2013,1028
940,18.10.2022,2032,1040
941,19.10.2022,1978,1010
942,20.10.2022,2026,1042
943,21.10.2022,2044,1051
944,24.10.2022,2064,1063
945,25.10.2022,2131,1091
946,26.10.2022,2121,1089
947,27.10.2022,2165,1106
948,28.10.2022,2168,1114
949,31.10.2022,2167,1112
950,01.11.2022,2174,1118
951,02.11.2022,2174,1109
952,03.11.2022,2156,1094
953,07.11.2022,2209,1141
954,08.11.2022,2207,1143
955,09.11.2022,2167,1114
956,10.11.2022,2210,1150
957,11.11.2022,2217,1158
958,14.11.2022,2245,1170
959,15.11.2022,2223,1160
960,16.11.2022,2227,1164
961,17.11.2022,2213,1152
962,18.11.2022,2206,1147
963,21.11.2022,2166,1122
964,22.11.2022,2196,1143
965,23.11.2022,2212,1147
966,24.11.2022,2211,1146
967,25.11.2022,2195,1141
968,28.11.2022,2177,1122
969,29.11.2022,2185,1129
970,30.11.2022,2175,1125
971,01.12.2022,2187,1124
972,02.12.2022,2180,1108
973,05.12.2022,2208,1115
974,06.12.2022,2196,1097
975,07.12.2022,2193,1099
976,08.12.2022,2184,1097
977,09.12.2022,2178,1099
978,12.12.2022,2173,1089
979,13.12.2022,2174,1089
980,14.12.2022,2160,1061
981,15.12.2022,2127,1042
982,16.12.2022,2133,1039
983,19.12.2022,2130,991
984,20.12.2022,2119,967
985,21.12.2022,2116,940
986,22.12.2022,2123,970
987,23.12.2022,2124,964
988,26.12.2022,2139,977
989,27.12.2022,2151,961
990,28.12.2022,2140,934
991,29.12.2022,2147,937
992,30.12.2022,2154,971
993,03.01.2023,2173,963
994,04.01.2023,2168,950
995,05.01.2023,2157,941
996,06.01.2023,2156,943
997,09.01.2023,2164,978
998,10.01.2023,2160,975
999,11.01.2023,2187,1003
1000,12.01.2023,2186,1016
1001,13.01.2023,2200,1010
1002,16.01.2023,2225,1024
1003,17.01.2023,2197,1003
1004,18.01.2023,2196,1006
1005,19.01.2023,2169,993
1006,20.01.2023,2167,992
1007,23.01.2023,2185,999
1008,24.01.2023,2173,990
1009,25.01.2023,2170,987
1010,26.01.2023,2167,986
1011,27.01.2023,2189,992
1012,30.01.2023,2204,987
1013,31.01.2023,2226,1001
1014,01.02.2023,2230,1002
1015,02.02.2023,2244,1004
1016,03.02.2023,2248,1003
1017,06.02.2023,2272,1007
1018,07.02.2023,2268,1004
1019,08.02.2023,2252,982
1020,09.02.2023,2262,978
1021,10.02.2023,2262,972
1022,13.02.2023,2264,966
1023,14.02.2023,2232,953
1024,15.02.2023,2166,915
1025,16.02.2023,2154,907
1026,17.02.2023,2169,920
1027,20.02.2023,2184,922
1028,21.02.2023,2212,929
1029,22.02.2023,2212,929
1030,24.02.2023,2208,914
1031,27.02.2023,2241,945
1032,28.02.2023,2253,946
1033,01.03.2023,2280,956
1034,02.03.2023,2254,943
1035,03.03.2023,2272,945
1036,06.03.2023,2294,958
1037,07.03.2023,2296,951
1038,09.03.2023,2290,951
1039,10.03.2023,2276,943
1040,13.03.2023,2269,954
1041,14.03.2023,2290,958
1042,15.03.2023,2262,937
1043,16.03.2023,2258,927
1044,17.03.2023,2323,949
1045,20.03.2023,2397,980
1046,21.03.2023,2398,984
1047,22.03.2023,2394,980
1048,23.03.2023,2388,989
1049,24.03.2023,2392,978
1050,27.03.2023,2441,1002
1051,28.03.2023,2442,1000
1052,29.03.2023,2461,1005
1053,30.03.2023,2466,1006
1054,31.03.2023,2451,997
1055,03.04.2023,2473,989
1056,04.04.2023,2480,983
1057,05.04.2023,2501,988
1058,06.04.2023,2498,967
1059,07.04.2023,2508,975
1060,10.04.2023,2547,984
1061,11.04.2023,2534,973
1062,12.04.2023,2538,975
1063,13.04.2023,2544,983
1064,14.04.2023,2555,983
1065,17.04.2023,2596,1005
1066,18.04.2023,2616,1011
1067,19.04.2023,2607,1005
1068,20.04.2023,2638,1019
1069,21.04.2023,2640,1019
1070,24.04.2023,2635,1021
1071,25.04.2023,2627,1014
1072,26.04.2023,2620,1011
1073,27.04.2023,2646,1024
1074,28.04.2023,2635,1034
1075,02.05.2023,2581,1020
1076,03.05.2023,2532,1008
1077,04.05.2023,2525,1019
1078,05.05.2023,2538,1034
1079,08.05.2023,2528,1019
1080,10.05.2023,2549,1052
1081,11.05.2023,2595,1065
1082,12.05.2023,2565,1038
1083,15.05.2023,2611,1037
1084,16.05.2023,2634,1031
1085,17.05.2023,2634,1040
1086,18.05.2023,2633,1033
1087,19.05.2023,2626,1037
1088,22.05.2023,2633,1036
1089,23.05.2023,2642,1038
1090,24.05.2023,2655,1044
1091,25.05.2023,2650,1040
1092,26.05.2023,2682,1056
1093,29.05.2023,2732,1064
1094,30.05.2023,2699,1048
1095,31.05.2023,2718,1055
1096,01.06.2023,2722,1062
1097,02.06.2023,2719,1052
1098,05.06.2023,2694,1048
1099,06.06.2023,2681,1038
1100,07.06.2023,2695,1036
1101,08.06.2023,2710,1033
1102,09.06.2023,2708,1032
1103,13.06.2023,2757,1031
1104,14.06.2023,2765,1036
1105,15.06.2023,2800,1054
1106,16.06.2023,2801,1047
1107,19.06.2023,2815,1054
1108,20.06.2023,2804,1043
1109,21.06.2023,2819,1058
1110,22.06.2023,2816,1056
1111,23.06.2023,2795,1040
1112,26.06.2023,2757,1021
1113,27.06.2023,2777,1028
1114,28.06.2023,2781,1015
1115,29.06.2023,2796,1007
1116,30.06.2023,2797,983
1117,03.07.2023,2794,993
1118,04.07.2023,2808,987
1119,05.07.2023,2805,969
1120,06.07.2023,2820,971
1121,07.07.2023,2833,976
1122,10.07.2023,2857,993
1123,11.07.2023,2860,998
1124,12.07.2023,2897,1005
1125,13.07.2023,2886,1009
1126,14.07.2023,2903,1015
1127,17.07.2023,2918,1010
1128,18.07.2023,2955,1025
1129,19.07.2023,2943,1015
1130,20.07.2023,2917,1017
1131,21.07.2023,2924,1012
1132,24.07.2023,2937,1023
1133,25.07.2023,2975,1039
1134,26.07.2023,2970,1039
1135,27.07.2023,2988,1039
1136,28.07.2023,3009,1034
1137,31.07.2023,3074,1057
1138,01.08.2023,3094,1056
1139,02.08.2023,3106,1040
1140,03.08.2023,3148,1047
1141,04.08.2023,3092,1016
1142,07.08.2023,3084,1017
1143,08.08.2023,3085,1000
1144,09.08.2023,3100,1005
1145,10.08.2023,3149,1018
1146,11.08.2023,3156,1001
1147,14.08.2023,3131,1009
1148,15.08.2023,3115,1010
1149,16.08.2023,3049,1015
1150,17.08.2023,3059,1029
1151,18.08.2023,3111,1047
1152,21.08.2023,3140,1057
1153,22.08.2023,3164,1058
1154,23.08.2023,3146,1051
1155,24.08.2023,3137,1044
1156,25.08.2023,3157,1044
1157,28.08.2023,3199,1058
1158,29.08.2023,3211,1060
1159,30.08.2023,3213,1052
1160,31.08.2023,3228,1059
1161,01.09.2023,3231,1055
1162,04.09.2023,3269,1063
1163,05.09.2023,3264,1051
1164,06.09.2023,3245,1039
1165,07.09.2023,3169,1014
1166,08.09.2023,3143,1012
1167,11.09.2023,3122,1034
1168,12.09.2023,3166,1050
1169,13.09.2023,3148,1031
1170,14.09.2023,3139,1018
1171,15.09.2023,3153,1029
1172,18.09.2023,3135,1025
1173,19.09.2023,3084,1003
1174,20.09.2023,3068,1003
1175,21.09.2023,3019,988
1176,22.09.2023,3049,1000
1177,25.09.2023,3045,997
1178,26.09.2023,3052,998
1179,27.09.2023,3068,999
1180,28.09.2023,3108,1011
1181,29.09.2023,3133,1008
1182,02.10.2023,3132,992
1183,03.10.2023,3144,994
1184,04.10.2023,3134,991
1185,05.10.2023,3132,983
1186,06.10.2023,3145,987
1187,09.10.2023,3174,1007
1188,10.10.2023,3177,997
1189,11.10.2023,3194,1005
1190,12.10.2023,3175,1026
1191,13.10.2023,3192,1034
1192,16.10.2023,3235,1047
1193,17.10.2023,3247,1047
1194,18.10.2023,3249,1051
1195,19.10.2023,3255,1057
1196,20.10.2023,3269,1081
1197,23.10.2023,3264,1091
1198,24.10.2023,3265,1102
1199,25.10.2023,3265,1104
1200,26.10.2023,3224,1085
1201,27.10.2023,3224,1079
1202,30.10.2023,3227,1094
